:203*ga	1936
:220-c	508
:176*ct	469
:225-a	274
:44*ct	268
:280-c	267
:296-c	261
:233-c	251
:208-a	250
:300-a	238
:272-c	226
:314-c	222
:277-a	221
:205-g	206
:260-c	202
:215-a	198
:244-t	194
:363*ag	186
:284-g	183
:289-a	182
:303-a	174
:216-c	173
:203-g	169
:238-c	158
:310-a	155
:329-c	150
:229-a	144
:86-c	138
:330-t	135
:237-g	130
:220-cc	129
:232-g	128
:268-g	125
:293-g	125
:320-g	124
:332-c	124
:250-g	118
:325-c	117
:363*ac	117
:275-a	115
:263-g	113
:266-g	113
:285-c	112
:270-t	111
:295-a	111
:259-g	111
:322-g	107
:247-t	107
:291-c	106
:219-gc	102
:218-g	101
:264-c	99
:313-a	97
:246-a	96
:328-t	91
:279-a	90
:235-a	88
:203-ga	85
:75-a	83
:210-a	82
:107-c	79
:91-a	77
:230-t	76
:243-a	74
:324-t	73
:212-a	71
:254-a	71
:327-a	69
:213-g	69
:206-c	66
:284*ga	65
:78-t	64
:225-aa	63
:203*gt	63
:305-c	60
:70-c	59
:201-a	58
:271-tc	58
:242-g	57
:169-c	57
:282-ca	52
:184-g	51
:82-g	50
:272*ct	50
:73-a	50
:187-t	50
:204-a	49
:126-a	49
:39*ag	48
:94-c	48
:269-gt	48
:287-g	47
:214-ga	46
:174-g	45
:77-c	45
:199-a	45
:159-a	45
:306-a	45
:277-ac	44
:295-ac	43
:363*at	43
:301-ac	42
:252-a	42
:308-g	41
:192-g	40
:207-ga	40
:224-g	39
:215*ag	39
:336-a	39
:112-c	39
:334-a	39
:273*ca	38
:409*gt	38
:209-c	38
:328-tc	38
:275*at	38
:249-a	38
:163-g	38
:259-gc	38
:278*ct	37
:219-gcc	37
:321-c	37
:273-cta	36
:85-g	36
:205-gc	36
:176*ca	36
:258-ag	35
:231-tg	35
:93-g	35
:289-aa	35
:257*at	34
:132-g	34
:160-t	34
:211-g	34
:110-g	34
:336*at	34
:309-ga	33
:210-ag	33
:245-c	33
:257-a	33
:206-cga	33
:232-gc	32
:251-c	32
:246*ac	32
:312-g	32
:229-at	31
:298-t	31
:335*ga	31
:318*at	30
:331-tc	29
:224*gt	29
:234-ca	29
:71*ca	29
:228-g	29
:197-g	29
:313-ac	29
:287*gt	29
:263*gt	29
:119-g	29
:267-c	28
:239*ca	28
:293*gt	28
:210*ac	28
:278-cac	28
:286-t	28
:207-g	28
:349*gt	28
:244-tc	28
:227-c	28
:123-a	28
:98-a	28
:294-ta	28
:204*ac	28
:273*ct	28
:231*tc	28
:302-c	27
:318-a	27
:299*gt	27
:269*gt	27
:151-c	27
:339-t	27
:178-c	26
:317*ga	26
:274-ta	26
:313*at	26
:236-cg	26
:310*at	26
:338-g	26
:254*at	26
:189-a	26
:299*ga	26
:139-a	26
:114-g	25
:140*ta	25
:300-aa	25
:303-aa	25
:308*ga	25
:304-ac	25
:218*gt	24
:243-at	24
:208-ac	24
:121-t	24
:177-a	24
:71-cg	24
:44*ca	23
:167-g	23
:317-g	23
:172-c	23
:215-ac	23
:202-t	23
:89-t	23
:260*cg	22
:240-ga	22
:311-c	22
:228*ga	22
:322*gc	22
:306*at	22
:242*gt	22
:128-a	22
:241-a	22
:256-g	22
:320-gc	22
:85-gc	22
:289*at	21
:326-ca	21
:216-ct	21
:106-t	21
:292-t	21
:90-ca	21
:240-g	21
:76-ac	21
:135-a	21
:171-a	21
:367*at	21
:312-ga	21
:323*ga	21
:332*ct	21
:279*at	21
:226-ac	21
:266-gc	21
:261+t	21
:252*at	20
:356*ca	20
:239-cga	20
:299-g	20
:148-a	20
:170-ca	20
:287*ga	20
:327-at	20
:266*gt	20
:268-gg	19
:220-ccc	19
:277-aca	19
:297-ct	19
:330*tc	19
:117-g	19
:231-tgc	19
:329*ct	19
:222-ct	19
:277*ac	19
:296-cc	18
:217-t	18
:166-t	18
:324-tc	18
:229*ag	18
:289*ag	18
:273-ct	18
:88-ct	18
:292-tg	18
:217-tg	18
:217*tc	18
:353*ca	17
:255*at	17
:340-c	17
:308*gt	17
:323-gt	17
:345*at	17
:83-c	17
:101-a	17
:281*ca	17
:300-aac	17
:265-tgcg	17
:272*cg	17
:398*at	17
:261-ct	17
:228-ga	17
:236*ct	16
:280-cc	16
:150-g	16
:334*ac	16
:224*ga	16
:320*ga	16
:237*gt	16
:256*ga	16
:235*at	16
:882*ga	16
:236-c	16
:275-ata	16
:223*tc	16
:258-agc	16
:268*gc	16
:223-t	16
:288-ga	16
:288*ga	16
:335*gt	16
:307*ac	16
:130-c	16
:156-g	16
:251*ca	15
:340*ca	15
:211*gc	15
:269*ga	15
:105-g	15
:245-ca	15
:413*ca	15
:233*ct	15
:224-gaa	15
:226-acg	15
:186-a	15
:239*cg	15
:282-cag	15
:203-gagc	15
:221-cct	15
:146-g	15
:105-gt	15
:320*gt	15
:228*gt	15
:240*gt	15
:218-gg	15
:213*gt	15
:278-c	15
:310-ac	14
:272-cc	14
:293*ga	14
:314*ca	14
:291-ct	14
:72-ga	14
:294-tac	14
:288*gt	14
:211-gag	14
:311*ct	14
:203-gag	14
:182-g	14
:141-g	14
:321*ca	14
:330-tt	14
:215*at	14
:92-c	14
:229*ac	14
:305*ca	14
:87-cct	14
:296*ct	13
:223-tg	13
:81-a	13
:276-t	13
:224-ga	13
:335-g	13
:219*gt	13
:290-ac	13
:243*ag	13
:262-tg	13
:283-ag	13
:205-gcg	13
:211*ga	13
:137-a	13
:285-ct	13
:213*ga	13
:316-a	13
:144-a	13
:329*ca	13
:242*ga	13
:208*at	13
:92-cg	13
:199-ac	13
:260*ca	13
:260*ct	13
:106-tc	13
:307-ag	13
:275-atac	13
:116-c	13
:221*ct	13
:245*ct	12
:246-at	12
:260-cc	12
:71*ct	12
:263*ga	12
:284*gt	12
:132*gc	12
:149*ca	12
:248-c	12
:241*ac	12
:153*ac	12
:77*ca	12
:78*tc	12
:271-tcc	12
:168-t	12
:326-cat	12
:229*at	12
:249-ag	12
:422*ca	12
:266*ga	12
:311-cgac	12
:91*at	12
:75-aa	12
:563*ct	12
:397*ca	11
:212*ag	11
:214-gac	11
:272*ca	11
:79*tc	11
:255-ag	11
:73-aca	11
:86*ca	11
:227-cg	11
:269-gtt	11
:131-cg	11
:86-cc	11
:191*ct	11
:286-tg	11
:142-t	11
:235-acg	11
:384*cg	11
:72-g	11
:107*ct	11
:347*at	11
:228*gc	11
:191-c	11
:83-cagc	11
:333-ca	11
:271*tc	11
:207-gaca	11
:253-g	11
:210*at	11
:267*ca	11
:315-ca	11
:210*ag	11
:75-aact	11
:382*at	11
:177*at	11
:284-gc	11
:256*gt	11
:110*gt	11
:253*gt	11
:206*ca	11
:352*gt	10
:257-aagc	10
:122*ca	10
:141*gt	10
:87*ca	10
:74-c	10
:309-gac	10
:275*ac	10
:89*ta	10
:201*at	10
:211*gt	10
:111-gc	10
:89-tca	10
:286*tc	10
:87*ct	10
:292*tc	10
:98*ag	10
:227*ct	10
:326*ca	10
:251-caga	10
:107*ca	10
:365*at	10
:197*gt	10
:180-a	10
:307*ag	10
:270*tg	10
:267*cg	10
:118*tg	10
:164*ca	10
:298*tc	10
:360*ct	10
:108-ct	10
:212*at	10
:317*gt	9
:247-tcag	9
:283-a	9
:302*ct	9
:129-ac	9
:67*ta	9
:278*cg	9
:135*ac	9
:319-ag	9
:204-agc	9
:152-ca	9
:176-ca	9
:323*gt	9
:120-gt	9
:218*ga	9
:397*ca*at	9
:157-t	9
:77-ct	9
:96-a	9
:122-c	9
:332*cg	9
:264*ct	9
:138-g	9
:311*ca	9
:159-at	9
:268-ggt	9
:289*ac	9
:263-gctg	9
:331*tc	9
:182*gt	9
:290*at	9
:334-aga	9
:366*gt	9
:262*tc	9
:179*ct	9
:241*ag	9
:173-cg	9
:293-gta	9
:88*ca	9
:91-acg	9
:73-ac	9
:433*at	9
:253*ga	9
:272-ccta	9
:209*ca	9
:152*ca	9
:194-c	9
:90-c	9
:294-t	9
:81-ag	9
:264-ct	9
:159*ag	9
:291*ct	9
:134-c	9
:302*ca	9
:255+g	8
:214*gt	8
:41*ag	8
:427-g	8
:222-ctg	8
:29*ta	8
:252-aga	8
:182-gt	8
:274*tc	8
:68-gacc	8
:328-tct	8
:281-cca	8
:221*ca	8
:233-cca	8
:165-g	8
:368*at	8
:265*tc	8
:114*gc	8
:412*at	8
:136-c	8
:195-ga	8
:283*ac*ga	8
:92*ca	8
:164-c	8
:338*ga	8
:338-gt	8
:143*ga	8
:290-act	8
:276-tac	8
:386*at	8
:71*cg	8
:100-g	8
:149-cg	8
:307-agg	8
:236*ca	8
:69-ac	8
:261*ct	8
:201-atg	8
:359*gt	8
:196-a	8
:288-gaa	8
:350*cg	7
:411*gn	7
:209-cag	7
:80-cag	7
:239-cg	7
:234-cacg	7
:310+c	7
:273*cg	7
:164*ct	7
:122*ct	7
:125-g	7
:153-a	7
:370*at	7
:227*ca	7
:232*gc	7
:262-t	7
:174-gg	7
:109-t	7
:289*at*at	7
:209-cagag	7
:366*ga	7
:258-agcct	7
:281*cg	7
:245*ca	7
:162-ag	7
:225+c	7
:205+c	7
:162-a	7
:216*ct	7
:274-t	7
:84-a	7
:243-atc	7
:265-tg	7
:246-atcagca	7
:202*tc	7
:221*cg	7
:249*ac	7
:293-gtac	7
:242-gat	7
:182*ga	7
:338*gt	7
:224*gc	7
:238*ct	7
:259-gcct	7
:251-ca	7
:197*ga	7
:220*ct	7
:222-ctga	7
:216-ctg	7
:295*ac	7
:113-cg	7
:35*ga	7
:314*ct	7
:127*ca	7
:423+t	7
:155*at	7
:212+c	7
:590*ga	7
:86*cg	7
:291-ctg	7
:174*gc	6
:188-c	6
:46*ta	6
:244+c	6
:208-aca	6
:236-cgc	6
:135*an	6
:140-t	6
:270*tg:1*ct	6
:730-c	6
:167*gt	6
:27*ga	6
:270-tt	6
:305-caagg	6
:255*ac	6
:153*ag	6
:315-cag	6
:323*gc	6
:298-tg	6
:158*gc	6
:334-ag	6
:319*ac	6
:80-c	6
:277+c	6
:82-gcagc	6
:96-ag	6
:63*ga	6
:131*ca	6
:158*ga	6
:175-gca	6
:293*gc	6
:299-ga	6
:323-gtc	6
:340*ct	6
:221-cctgaacgattgccacgccgagatcatcagcagaagaagcctgctgcggttcctatacacccagctggaactgta	6
:201-at	6
:322-gg	6
:175-gc	6
:242-gatc	6
:244-tcat	6
:252*ag	6
:233*ca	6
:156*gt	6
:134*ca	6
:372*gt	6
:316*ac	6
:128-aa	6
:117-gt	6
:167-gtc	6
:296*ca	6
:138*ga	6
:414*gt	6
:58*ta	6
:166*tg	6
:83*ca	6
:243-atca	6
:169-cca	6
:200-catgagcgacagaggactggccctgaacgattgccacgccgagat	6
:258*ac	6
:333-caga	6
:217-tgg	6
:222+g	6
:153-aa	6
:97-g	6
:254*ag	6
:401*ca	6
:203-gagcg	6
:218-ggcc	6
:326*ct	6
:324-tcca	6
:327*ac	6
:359*ga	6
:185*ct	6
:136*ca	6
:150*gt	6
:179*ca	6
:185-c	6
:342*gt	6
:76-act	6
:246-atca	6
:300-aaca	6
:256-gaagc	5
:299-gaacaa	5
:31*ct	5
:269-gttcc	5
:157*tg	5
:33*ga	5
:149-c	5
:299-gaa	5
:805-t	5
:281-ccag	5
:357*cg	5
:222*ct	5
:79-tcag	5
:115*gt	5
:210-aga	5
:228-gat	5
:95*ca	5
:838-c	5
:319-agc	5
:88-ctca	5
:110-gg	5
:125*ga	5
:124*tg	5
:126*ac	5
:301+c	5
:158-ga	5
:218-ggc	5
:243*ac	5
:417*cg	5
:420*at:1*ca	5
:198-ta	5
:104*at	5
:137*ag	5
:237*gc*cg	5
:258+g	5
:87*cg	5
:133-gca	5
:203-gagcga	5
:119*gt	5
:125-ga	5
:265-tgcgg	5
:294+t	5
:257*ag	5
:200*ct	5
:96*ac	5
:297-ctg	5
:248*ct	5
:324-tcc	5
:168-tc	5
:155-ag	5
:108*ct	5
:379*tg	5
:109*tc	5
:307-aggacgac	5
:248*ca	5
:206*ct	5
:252*ac	5
:765-c	5
:131*ct	5
:252-ag	5
:139*at	5
:95-caga	5
:156-gt	5
:744-a	5
:750-a	5
:383*ca	5
:261-ctg	5
:107-cc	5
:70-ccgacaacttcagcagccctcacgccagaagaaaagtcctgg	5
:284-gct	5
:336-aa	5
:167*gc	5
:415*cg	5
:344*gt	5
:273-ctat	5
:78-tt	5
:274*tg	5
:52*ga	5
:295-acctg	5
:161*ct	5
:267*ca:1*gt	4
:213-ggact	4
:306*ac:1*ga	4
:236+g	4
:256-gaag	4
:26*ta	4
:269-gttcctatacacccagctggaactgtacctgaacaacaaggacgacca	4
:206*cg	4
:266*gc	4
:362*ga	4
:315-caga	4
:254+a	4
:238-cc	4
:389*ct	4
:251*cg	4
:255*at:1*at	4
:395*cg	4
:218-ggccctgaacgattgccacgccgagatcatcagcagaagaagcctgctgcggttcctatacacccagctggaactgtacctgaacaacaaggacgacca	4
:304-acaagg	4
:296*cg	4
:80*ca	4
:85-gcc	4
:122-ca	4
:113*ca	4
:167*ga	4
:695-g	4
:83-ca	4
:183-t	4
:297+a	4
:124-t	4
:227+g	4
:300+c	4
:71-cga	4
:195*gt	4
:319*ag	4
:373*tg	4
:221-cctg	4
:157-tga	4
:241-aga	4
:94-cc	4
:305-caag	4
:133*gt	4
:197-gt	4
:341*tc	4
:390*ag	4
:249+g	4
:72-gaca	4
:104-agtc	4
:129-acc	4
:147-gac	4
:239+a	4
:294*tg*at*ca	4
:59*ca	4
:219-gccctga	4
:218*gc	4
:161*ca	4
:232-gcca	4
:101*ag	4
:214*ga	4
:407*ca	4
:212-agga	4
:274*ta	4
:213-gg	4
:73+c	4
:193*gt	4
:230*ta	4
:418+g	4
:270*tc	4
:102+g	4
:268*ga*gt	4
:270*tc:1*ct	4
:323-gtcc	4
:330*tg	4
:175*gc*ca	4
:158*gt	4
:419*gt	4
:99*ag	4
:221-cctgaacgattgccacgccgagatcatcagcagaagaagcctgctgcggttcctatacacccagctggaactgtacctgaacaacaaggacgaccagaagcg	4
:253*gt*at	4
:204+c	4
:10*ta	4
:10*tc	4
:415*ca	4
:226-acgat	4
:801-g	4
:118-t	4
:200-c	4
:310-acga	4
:275-ataca	4
:166*tc	4
:231-tgcc	4
:249-agca	4
:263-gctgc	4
:7*ag	4
:181-ag	4
:149*ct	4
:203-gagcgacagaggactggccctgaacgattgccacgccgagatcatcagcagaagaagcctgctgcggttcctatacacccagctggaactgtacctgaacaacaa	4
:298-tgaa	4
:299*gc	4
:47*ga	4
:173*ca	4
:263-gc	4
:364*at	4
:198-t	4
:241-agatc	4
:190+c	4
:208-acaga	4
:213*gc	4
:421-t	4
:73-acaa	4
:216-ctgg	4
:186*ac	4
:254-aa	4
:182-gtg	4
:175*gt	4
:116*ca	4
:246*ag	4
:211-gaggactggccct	4
:229-att	4
:239+ccg	4
:279-acccagctggaactgtacctgaacaacaaggacgaccagaa	4
:638-c	4
:165*gt	4
:214-gact	4
:270-ttcc	4
:362*gt	4
:297-ctgaaca	4
:118*tc	4
:248-cagcagaagaagcctgctgcggttcctatacacccagctggaactgtacctgaacaacaaggacgaccagaagcggtccatcttcca	4
:140-tg	4
:38*ct	4
:84-agccct	4
:223-tga	4
:95-ca	4
:321*cg	4
:149-cgc	4
:102*ag	4
:350*ca	4
:423*tc	4
:117*gt	4
:138-gat	4
:273-ctataca	4
:74*ca	4
:737-c	4
:295*at*ca	4
:269+c	4
:239*ct	4
:235*ag	4
:250-gc	4
:428*cg	4
:209+g	4
:417-c	4
:726-a	4
:147-ga	4
:382*ag	4
:353*ct	4
:200*ca	4
:297*ct	3
:285*ct	3
:228-gatt	3
:337+c	3
:280-cccagctggaactgtacctgaacaacaaggac	3
:42*ca	3
:222+a	3
:125*gt	3
:202*tg	3
:736-a	3
:791-a	3
:125+g	3
:70*ca	3
:276*ta*at*ca	3
:154*ac	3
:170*ca	3
:231+c	3
:252-agaagaagcctgctgcggttcctatacacccagctggaactgtacctgaacaacaaggacgaccagaagcggtccatcttccag	3
:113+a	3
:115-gc	3
:125-gac	3
:341*ta	3
:139+a	3
:220*ca*ct	3
:208+c	3
:244-tcatcag	3
:267*cg:1*gt	3
:139-at	3
:226*ag*cg	3
:724-g	3
:153+a	3
:267-cggt	3
:221-cctgaa	3
:121-tc	3
:63*gt	3
:165-gt	3
:126+c	3
:320-gcg	3
:321*ca*gc	3
:22*tc	3
:339*tc	3
:70+c	3
:239-cgag	3
:300*ac:1*ca	3
:78*tg	3
:274*tc*at	3
:768-c	3
:238-ccgaga	3
:126-ac	3
:111*gt	3
:422-c	3
:217*tc*gt	3
:132-gg	3
:16*ag	3
:134-cac	3
:257-aa	3
:288*gc*ag	3
:291*ca*tc*gt	3
:356*ct	3
:245-catcagcagaagaagcctgctgcggttcctatacacccagctggaactgtacctgaacaacaa	3
:232*gt*cg	3
:268+t	3
:187-tc	3
:89*tg	3
:96*ag	3
:259-gcc	3
:361*tc	3
:431*ca	3
:321-cggtc	3
:333-cag	3
:119-gg	3
:9*ca	3
:115-gcgtggtcatgacaaccggcacagatgtgaaggacgccaaagtgatcagcgtgtccaccggcaccaagtgcatcaac	3
:196*ac	3
:295+c	3
:192-gg	3
:215-actggccctgaacgattgccacgccgagatcatcagcagaagaagcctgctgcggttcctatacacccagctggaactgtacctgaacaacaaggacgaccagaa	3
:196-agtac	3
:300+a	3
:267-cggtt	3
:100*ga	3
:259-gcctg	3
:225*at:1*ca	3
:256+t	3
:237-gccg	3
:126*ag	3
:276*tc*at	3
:237+a	3
:337*ac	3
:103*at	3
:261-ctgctg	3
:74-caactt	3
:303*ac:1*ca	3
:280+c	3
:306-aaggacg	3
:129+c	3
:204-agcgacagaggactggccctgaacgattgccacgccgagatcatcagcagaagaagcctgctgcggttcctatacacccagctggaactgtacctgaacaacaaggacgaccagaa	3
:118+c	3
:240-gag	3
:278*ca	3
:340*cg	3
:388*at*cg	3
:185-ca	3
:278+t	3
:283*ac	3
:270-ttc	3
:126*at	3
:194*ca	3
:855-a	3
:206-cgac	3
:245-catcag	3
:93*gt	3
:143*gt	3
:369*at	3
:298-tgaacaa	3
:214*gc*at	3
:92*ct	3
:255+c	3
:99-ag	3
:239-cgagatcatcagcagaagaagcctgctgcggttcctatacacccagctggaactgtacctgaacaacaaggacgaccagaagcg	3
:111+c	3
:224-gaacgattg	3
:284-gctggaactgtacctgaacaacaaggacgaccagaagc	3
:129-accggcacagatgtgaaggacgccaaagtgatcagcgtgtccaccggcaccaagtgcatcaacggc	3
:369*ag	3
:213-ggactg	3
:71-cgaca	3
:280-cccag	3
:71-cgacaa	3
:133-gc	3
:219+c	3
:241*at*gt	3
:250+t	3
:208*ac*ca	3
:299+g	3
:327*ag	3
:350*ct	3
:204-agcgac	3
:11*ga	3
:110*gc	3
:148*at	3
:275-atacacccagctggaactgtacctgaacaacaaggacgaccagaagcggtccatcttcca	3
:353*cg	3
:183-tgca	3
:207*gc*at	3
:170*ct	3
:819-g	3
:377*gt	3
:112*ct	3
:266-gcgg	3
:308+t	3
:127-c	3
:235-acgccgagat	3
:426-a	3
:770-t	3
:402*cg	3
:356*cg	3
:105*gc	3
:134*ct	3
:247-tc	3
:245-catc	3
:252-agaa	3
:266-gcg	3
:183*tc	3
:97*ga	3
:157*tc	3
:228+t	3
:238*cg*ca	3
:209-cagagg	3
:757*at	3
:219+t	3
:281*ct	3
:266-gcggttcctatacacccagctggaactgtacctgaacaacaaggacgaccagaagc	3
:326*cg	3
:395*ca	3
:216-ctggcc	3
:221+cg	3
:240*gt:1*gt	3
:46*tg	3
:764-g	3
:247-tcagcagaagaagcctgctgcggttcctatacacccagctggaactgtacctgaacaacaaggac	3
:82-gcag	3
:124*tc	3
:194*ct	3
:195-g	3
:131*cg	3
:88*ct	3
:93*gc:1*ca	3
:396*at	3
:428*ca	3
:211*gc*ag	3
:54*ag	3
:192*gc	3
:379*tc	3
:119-ggtcatgacaaccggcacagatgtgaaggacgccaaagtgatcagcgtgtccaccggcaccaagtgcatcaac	3
:355*tc	3
:222-ctgaacgattgccacg	3
:272-cctatacacccagctggaactgtacctgaacaacaaggacgaccagaagcggtccatcttcca	3
:290+g	3
:219-gccct	3
:153*at	3
:80-cagcag	3
:91*ag	3
:202-tgag	3
:203-gagcgaca	3
:119*ga	3
:215-act	3
:264-ctgcggt	3
:213*ga:1*ag	3
:266-gcggttcctatacacccagctggaactgtacctgaacaacaaggacgaccagaa	3
:180*at	3
:186*ag	3
:263*gc	3
:59*ct	3
:326-catct	3
:231-tgccac	3
:40*ga	3
:60*ga	3
:216*ca*tc*gt	3
:190-ac	3
:229-attgccacgccgagatcatcagcagaagaagcctgctgcggttcctatacacccagctggaactgtacctgaacaacaaggacgaccaga	3
:304-acaag	3
:216+t	3
:101*at	3
:296+g	3
:127-caaccggcacagatgtgaaggacgccaaagtgatcagcgtgtccaccggcaccaagtgcatcaacggcg	3
:196*ag	3
:132-ggcaca	3
:143+g	3
:105-gtc	3
:283-agct	3
:170-caccgg	3
:271-tcctatacacccagctggaactgtacctgaacaacaaggacgacca	3
:265-t	3
:337*ag	3
:134*cg	3
:421+t	3
:138*gc	3
:149+g	3
:301-acaac	3
:188*ct	3
:252+g	3
:269*gc	3
:113*ct	3
:301+t	3
:206-cgacagaggactggccctgaacgattgccacgccgagatcatcagcagaagaagcct	3
:26*tc	3
:418-g	3
:246*at:1*cg	2
:318*at:1*gt	2
:240*gc*ac	2
:34*ta	2
:203-gagcgacagaggactggccctgaacgattgccacgccgagatcatcagcagaagaagcctgctgcggttcctatacacccagctggaactgtacctgaacaacaaggacgaccagaagcggtccatcttccag	2
:131-cggca	2
:280+g	2
:69*an	2
:93*gn	2
:99*an	2
:121*tn	2
:127*cn	2
:129*an	2
:160*tn	2
:162*an*gn	2
:165*gn*tn	2
:168*tn*cn	2
:414*gn:1*tn	2
:417*cn	2
:420*an	2
:434*cn	2
:244*ta*ct	2
:188*ca	2
:250*gc*cg	2
:271-tccta	2
:746-cag	2
:784*ac	2
:208-acagaggactggccctgaacgattgccacgccgagatcatcagcagaagaagcctgctgcggttcctatacacccagctggaactgtacctgaacaacaaggacgaccagaagc	2
:421-tct	2
:723*at	2
:262-tgct	2
:157-tgatcagcgtgtccaccggcaccaagtgcatcaacggcgagtaca	2
:319*at*ga	2
:272-cctata	2
:142+a	2
:81-agca	2
:306-aa	2
:128*ag	2
:103*ag	2
:202-tgagc	2
:81-agcag	2
:237+t	2
:343*ag	2
:239+g	2
:250*gc*ca	2
:272-cctataca	2
:337-ag	2
:294-tacctgaaca	2
:311+t	2
:254+c	2
:740*ga	2
:808-c	2
:330*ta:1*ct	2
:271-tcctatacacccagctggaactgtacctgaacaacaaggacgaccagaagcggtccatcttccag	2
:248-cagcagaagaag	2
:132-ggca	2
:240-gagatcatcagcagaagaagcctgctgcggttcctatacacccagctggaactgtacctgaacaacaag	2
:334+a	2
:233-ccacgccgagatcatcagcagaagaagcctgctgcggttcctatacacccagctggaactgtacctgaacaacaaggacgaccagaagcggtccatcttcca	2
:102-aaagtcctggccggcgtggtcatgacaaccggcacagatgtgaag	2
:164-cgt	2
:90-cac	2
:333*ct	2
:313-acc	2
:135-acagatgtgaaggacgccaaagtgatcagcgtgtccaccggcaccaagtgcatcaacggcgagtacatg	2
:181+t	2
:327-atct	2
:246-atcag	2
:252*ag*ga	2
:256-gaagcc	2
:88*ct*tc	2
:882*gt	2
:816*ga*ag*ac	2
:69-a	2
:377*ga	2
:152*ct	2
:275-atacac	2
:306-aag	2
:214*gc	2
:144*at:1*ga	2
:777-a	2
:135*ac*ca	2
:590-g	2
:34*tc	2
:57*ta	2
:79-tcagcagc	2
:91-acgccagaa	2
:123-at	2
:138*gc*ag	2
:82-gcagcc	2
:92+agc	2
:165-gtgt	2
:181+g	2
:308-ggac	2
:276-tacac	2
:322+g	2
:257-aagcct	2
:281-ccagct	2
:245-catcagcagaagaagcctgctgcggttcctatacacccagctggaactgtacctgaacaacaaggacgaccagaagcggtccatcttcca	2
:282-cagctggaactgtacctgaaca	2
:235*ac*ca	2
:96*at	2
:740-g	2
:208-acagaggactggccctgaacgattgccacgccgagatcatcagcagaagaagcctgctgcggttcctatacacccagctggaactgtacctgaacaacaaggacgaccaga	2
:204-agcgacagaggactggccctgaacgattgccacgccgagatcatcagcagaagaagcctgctgcggttcctatacacccagctggaactgtac	2
:273*ca:1*at	2
:384*ca	2
:331+g	2
:204-agcga	2
:215-actggcc	2
:329-cttc	2
:233-ccacgccgagatcatcagcagaagaagcctgctgcggttcctatacacccagctggaactgtacctgaacaacaagga	2
:338-gtc	2
:275+g	2
:301*ag*cg	2
:207-gacagaggactggccctgaacgattgccacgccgagatcatcagcagaagaagcctgctgcggttcctatacacccagctggaactgtacctgaacaacaaggacgaccag	2
:144-aa	2
:158-g	2
:113*cg	2
:380*ta	2
:425*ta	2
:74*ct	2
:323+c	2
:263-gctgcggttcctatacacccagctggaactgtacctgaacaacaaggacgaccagaa	2
:283-agctggaactgtacctgaacaacaaggacgaccaga	2
:816*gt	2
:767*tc	2
:138*gt	2
:298-tga	2
:261+a	2
:324-tccat	2
:288*gc	2
:244*tg*cg	2
:279-acccagctgg	2
:203+ctg	2
:209*ct	2
:239-cgagatcatcagcagaagaagcctgctgcggttcctatacacccagctggaactgtacctgaacaacaaggacgaccagaag	2
:289-aactgtacctgaacaacaaggacgaccagaagc	2
:323-gtcca	2
:305-caaggac	2
:315+a	2
:116*ct	2
:230-ttg	2
:384*ct	2
:90-cacg	2
:131-cgg	2
:83-cagccctca	2
:152*cg	2
:259+t	2
:8*tc	2
:323+a	2
:326+g	2
:298*tc*gt	2
:220-ccctgaacgattgccacgccgagatcatcagcagaagaagcctgctgcggttcctatacacccagctggaactgtacctgaacaacaaggacgaccagaagcggtcca	2
:126-aca	2
:198+a	2
:263-gctgcggttc	2
:104-agtcctg	2
:131+g	2
:135-acagat	2
:220-ccctgaacgattgccacgccgagatcatcagcagaagaagcctgctgcggttcctatacacccagctggaactgtacctgaacaacaaggacgaccagaagc	2
:36*ag	2
:371*ta	2
:219+a	2
:321-cggt	2
:254-aaga	2
:200-catgag	2
:152-caa	2
:228-gattgccacgccgagatcatcagcagaagaagcctgctgcggttcctatacacccagctggaactgtacctgaacaacaaggacgaccagaag	2
:154*ag	2
:374*gt	2
:294-tacc	2
:285+c	2
:855*at	2
:79*tc*cg	2
:208-acagaggactggccctgaacgatt	2
:794-g	2
:821*tc	2
:828-c	2
:303+atg	2
:241-agat	2
:276-tacacccagctggaact	2
:317-gaagcggtc	2
:676*ag	2
:968*at	2
:725*cg	2
:761-c	2
:150*gt:1*ca	2
:248-cag	2
:8*ta	2
:316+a	2
:304+g	2
:794*gt	2
:205+t	2
:297-ctgaa	2
:186-at	2
:255-agaagcctgctgcggttcctatacacccagctggaactgtacctgaacaacaaggac	2
:222+tg	2
:225-aac	2
:289+a	2
:239-cgagatcatcagcagaagaagcctgctgcggttcctatacacccagctggaactgtacctgaacaacaa	2
:207-gacagaggact	2
:136-cagat	2
:127*ct	2
:237*gc:1*ca	2
:297+g	2
:287*gc	2
:205-gcgac	2
:326-catctt	2
:32*ct	2
:222+t	2
:31*ca	2
:310-acgac	2
:257+a	2
:113-cggcgtgg	2
:163-gcg	2
:249-agcaga	2
:226+t	2
:778-cc	2
:967-g	2
:216-ctggccctgaacgattgccacgccgagatcatcagcagaagaagcctgctgcggttcctatacacccagctggaactgtacctgaacaacaag	2
:252*at*gt*at	2
:332*ca	2
:402*ca	2
:207-gacagagga	2
:213+g	2
:176-c	2
:210-agaggactggccctgaacgattgccacgccgagatcatcagcagaagaagcctgctgcggttcctatacacccagctggaactgtacctgaacaacaaggacgaccagaagcgg	2
:678*tc:1*cg	2
:722-ga	2
:57*tg	2
:171*at	2
:222*ct*tc	2
:347*ag	2
:168-tcca	2
:269-gttcct	2
:241-agatcatcagcagaagaagcctgctgcggttcctatacacccagctggaactgtacctgaacaacaaggacgacc	2
:289+c	2
:190-acgg	2
:249+t	2
:43*ta	2
:119*gc	2
:166-tgt	2
:199-aca	2
:364*ag	2
:225*ac*at	2
:99-agaaaagtcctggccggcgtggtcatgacaaccggcacagatgtgaaggacgccaaagtgatcagcgtgtccaccggcaccaagt	2
:341*tg	2
:116*cg	2
:163-gc	2
:313*ac*ca	2
:107-cctggccggcgtggtcatgacaac	2
:285-ctggaa	2
:206-cgacagaggactggccctgaacgattgccacgc	2
:256*gt*at	2
:165*gt*ta	2
:25*ct	2
:307-aggac	2
:756-ga	2
:786*ag*ac*gc	2
:830-t	2
:255*ac*gt	2
:852-g	2
:120+c	2
:845-c	2
:290-actg	2
:308-gg	2
:105-gtcctggccggcgtggtcatgacaaccggcacagatgtgaaggacgccaaagtgatcagcgtgtccaccggcaccaagt	2
:203-gagcgacagaggactggccctgaacgattgccacgccgagatcatcagcagaagaagcctgctgcggttcctatacacccagctggaactgtacctgaacaacaaggacgaccagaagcg	2
:117-gtgg	2
:87+g	2
:143-g	2
:339*ta	2
:87+t	2
:248-cagcagaagaagcctgctgcggttcctatacacccagctggaactgtacctgaacaacaaggacgacca	2
:213+t	2
:226-acgattgccacgccgagatcatcagcagaagaagcctgctgcggttcctatacacccagctggaactgtacctgaacaacaaggacgacc	2
:291+g	2
:591-a	2
:214+c	2
:266-gcggttc	2
:289-aactgtacctgaacaaca	2
:224+g	2
:216-ctggc	2
:208-acagaggactggccctgaacgattgccacgccgagatcatcagcagaagaagcctgctgcggttcctatacacccagctggaactgtacctgaaca	2
:259+c	2
:288*gt:1*at	2
:88-ctcacgccagaagaaaagtcctggccggcgtggtcatgacaaccggcacagatgtgaaggacgccaaagtgatcagcgtgtccaccggcaccaa	2
:678*ta	2
:149-cgccaaagtgatcagcgtgtccaccggcaccaagtgcatcaacg	2
:288+t	2
:397*cg	2
:295-acc	2
:226-acgattgccacgccgagatcatcagcagaagaagcctgctgcggttcctatacacccagctggaactgtacctgaacaacaaggacgaccagaagc	2
:246+a	2
:81*ac	2
:121-tca	2
:128-aaccggcacagatgt	2
:154-aagtgatc	2
:146*ga	2
:426*ac	2
:101-aa	2
:181-agt	2
:961-g	2
:257+c	2
:133-gcacagatgtgaaggacgccaaagtgatcagcgtgtccaccggcaccaagtgcatcaacggcgagtacat	2
:79-tc	2
:251-cagaagaagcctgctgcggttcctatacacccagctggaactgtacctgaacaacaaggacgaccagaa	2
:103+g	2
:711-g	2
:269+t	2
:17*ag	2
:760-a	2
:818*ac	2
:755-c	2
:785-c	2
:96*ag*ga	2
:76-acttcag	2
:191-cg	2
:113-cgg	2
:415-c	2
:173*ct	2
:94*ct	2
:127+t	2
:318*at*at	2
:363*at*at	2
:282*ct	2
:616-c	2
:811*ac	2
:203+tg	2
:693*ct*tg*gc	2
:71-cgacaacttcagcagccctcacgccagaagaaaagtcctgg	2
:115*ga*ca	2
:307+t	2
:258-agcc	2
:222+aa	2
:82+c	2
:236+t	2
:607-a	2
:663-g	2
:429*ct	2
:257-aagcc	2
:718-a	2
:92-cgccag	2
:162-agcg	2
:288-gaac	2
:216+g	2
:300-aacaacaaggacgaccaga	2
:203-gagcgacagaggactggccctgaacgattgccacgccgagatcatcagcagaagaagcctgctgcggttcctatacaccca	2
:219-gccctgaacgattgccacgccgagatcatcagcagaagaagcctgctgc	2
:131-cggcacagatgtgaaggacgccaaagtgatcagcgtgtccaccggcaccaagtgcatcaa	2
:81+ctg	2
:11*gc	2
:748-g	2
:210+g	2
:277-acac	2
:312*gc*ag*ca	2
:316*ac*ga	2
:277+g	2
:263-gctgcg	2
:101-aaaagtcctggccggcgtggtcatgacaaccggcacagatgtgaaggacgccaaagtgatcagcgt	2
:297*ca:1*gt	2
:212+a	2
:212-aggact	2
:221+g	2
:796*ta	2
:832*gt	2
:302-caac	2
:315*ct	2
:226+g	2
:798*at	2
:817-a	2
:95-cag	2
:106-tcc	2
:110*ga	2
:272-cctatacacccagctggaactgtacctgaacaacaaggacgaccagaagcg	2
:333+tt	2
:228+a	2
:303-aaca	2
:290+t	2
:238-ccga	2
:345*at:1*at	2
:100*gc	2
:283-agctggaactg	2
:95-cagaagaaa	2
:316-aga	2
:126-acaaccggcacagatgtgaaggacgccaaagtgatcagc	2
:736-ac	2
:255*ag	2
:110-ggccggcgtggtcatgacaaccggcacagatgtgaaggacgccaaagtgatcagcgtgtccaccggcaccaagtgcatcaacggcga	2
:734-g	2
:226-acgattgccac	2
:321-cggtcc	2
:223-tgaacgattgccacgccgagatcatcagcagaagaagcct	2
:123-atga	2
:114-gg	2
:398*ag	2
:6*ca	2
:240-gagat	2
:297-ctga	2
:144*at	2
:307-aggacg	2
:215-actggccct	2
:658-t	2
:273+t	2
:685-g	2
:226-acgattgccacgccgagatcatcagcagaagaagcctgctgcggttcctatacacccagctggaactgtacctgaacaacaagg	2
:292*tg*gc	2
:135-acag	2
:39*ag:1*ag	2
:176*cg	2
:148-acgc	2
:322+t	2
:734*gt	2
:221+a	2
:93+t	2
:98-aa	2
:107-cctggc	2
:138-gatg	2
:224-gaacgattgccacgccgagatcatcagcagaagaagcctgctgcggttcctatacacccagctggaactgtacctgaacaacaaggacgaccagaa	2
:126-acaaccggcacagatgtgaaggacgccaaagtgatcagcgtgtccaccggcaccaagtgcatcaacggcgagtacat	2
:322-ggt	2
:247-tcagcagaagaagcctgctgcggttcctatacacc	2
:304+cag	2
:89-tcacg	2
:137-agatgtgaaggacgccaaagtgatcagcgtgtccaccggcaccaagtgcatcaacggcgagtacatg	2
:273+a	2
:22*ta	2
:162+g	2
:420+a	2
:199-acatgagcgacagaggactggccctgaacgattgccacgccgagatcatcagcagaagaagcctgctgcggttcctatacacccagctggaactgtacctgaacaacaagga	2
:146*gt	2
:237-gccga	2
:283-agctgga	2
:73*at	2
:237-gccgagatcatcagcagaagaagcctgctgcggttcctatacacccagctggaactgtacctgaacaacaa	2
:279*at:1*ca	2
:245-catcagcagaagaagcctgctgcggttcctatacacccagctggaactgtacctgaacaacaaggacgacca	2
:216*cg*tc*gt	2
:223*tc*gt	2
:225*ag:1*ca	2
:228*gc*ag*ta	2
:13*ct	2
:230-ttgc	2
:350+c	2
:255-agaagcctgctgcggttcctatacacccagctggaactgtacctgaacaacaaggacgaccagaagcggtccatcttccag	2
:145+c	2
:92-cgccagaagaaaagtcctggccggcgtggtcatgacaaccggcacagatgtgaaggacgccaaagtgatcagcgtgtccaccggcaccaagtgcat	2
:185-cat	2
:120-gtca	2
:102-aaagtcctggccggcgtggtcatgacaaccggcacagatgtgaaggacgccaaagtgatcagc	2
:95-cagaagaaaagtcctggccggcgtggtcatgacaaccggcacagatgtgaaggacgccaaagtgatcagcgtgtccaccggcaccaagtgcatcaacggcgagta	2
:260-cctgctgcggttcctatacacccagctggaactgtacctgaacaacaaggacgaccagaagcggtccatcttcca	2
:218-ggccctgaacgattgccacgccga	2
:646-c	2
:669-c	2
:692-c	2
:76+c	2
:283+g	2
:258-agcctgct	2
:332+g	2
:81+t	2
:83-cagccctcacgccagaaga	2
:84-ag	2
:336-aagt	2
:104-agtcctggccggcgtggtcatgacaaccggcacagatgtgaaggacgccaaagtgatcagcgtgtccaccggcac	2
:242-gatcatcagcagaagaagcctgctgcggttcctatacacccagctggaactgtacctgaacaacaaggacgaccagaagc	2
:30*ga	2
:249-agcagaagaagcctgctgcggttcctatacacccagctggaactgtacctgaacaacaaggacgaccagaa	2
:218-ggccctgaacgattgccacgcc	2
:719-c	2
:232+g	2
:173-cggcaccaagtg	2
:294+c	2
:274+a	2
:260-cctgctgcggttcctatacacccagctggaactgtacctgaacaacaaggacgaccagaa	2
:135+a	2
:229-attgcc	2
:687-a	2
:206-cgaca	2
:715-a	2
:290+c	2
:254-aagaagcctgctgcggttcctatacacccagctggaactgtacctgaacaacaa	2
:207+a	2
:234+g	2
:312-gaccag	2
:348-ggc	2
:363-a	2
:381-cacctatacatctccacaagcccttgcggcgacgctcggatctttagcccccacgagcccatcctggaag	2
:451*ag	2
:467-c	2
:300-aacaa	2
:612-a	2
:179-ca	2
:181*ag*ga	2
:186*ac*ta*ct	2
:189*ac:1*ca	2
:230-ttgccacgccgagatcatcagcagaagaagcctgctgcggttcctatacacccagc	2
:215-actggccctgaacgattgccacgccgagatcatcagcagaagaagcctgctgcggttcctatacacccagctggaactgtacctgaaca	2
:162*ac	2
:207-gacagaggactggccctgaacgattgccacgccgagatcatcagcagaagaagcctgctgcggttcctatacacccag	2
:248+c	2
:230-ttgccacgccgagatcatcagcagaagaagcctgctgcggttcctatacacccagctggaactgtacct	2
:133-gcacagatgtgaaggacgccaaagtgatcagcgtgtccaccggcaccaagtgcatcaacggcgagtaca	2
:131-cggcacagatgtgaaggacgccaaagtgatcagcgtgtccaccggcaccaagtgcatcaacgg	2
:205-gcgacagaggactggccctgaacgattgccacgccgagatcatcagcagaagaagcctgctgcggttcctatacacccagctggaactgtacctgaacaacaag	2
:115-gcgtggt	2
:282-cagctgga	2
:304*ac*ca	2
:268*gt*gc	2
:725-c	1
:729-g	1
:767-t	1
:247-tcagcagaagaagcctgctgcggttcctatacacccagctggaactgtacct	1
:206-cgacagaggactggccctgaa	1
:233+gc	1
:224-gaacgattgccacgccgagatcatcag	1
:285-ctgga	1
:318*ag*at*gc	1
:253-gaag	1
:732*ac*tc*gc	1
:788*gt	1
:852*ga:1*gc	1
:241+c	1
:401*ct	1
:373*tc	1
:295+a	1
:203-gagcgac	1
:210*ac*gc	1
:86-ccct	1
:92+gc	1
:116-cgtggtcatgacaaccggcacagatgtgaaggacgccaaagtgatcagcgtgtccaccggcaccaagtgcatcaacggcgagtaca	1
:118-tggtcatgacaaccggcacagatgtgaaggacgccaaagtgatcagcgtgtccaccggcaccaagtgcatcaacggcgagtacatga	1
:723-a	1
:740-gc	1
:822-ag	1
:824*ag	1
:221-cctgaacgattgccacgccgagatcatcagcagaagaagcct	1
:273*ca*tc*at	1
:89-tcacgccagaagaaaagtcctggccggcgtggtcatgacaaccggcacagatgtgaaggacgccaaagtgatcagcgtgtccaccggcaccaagtgcatcaacggcgagt	1
:286-tggaactgtacctgaacaacaaggacgaccagaagcggtccatcttcca	1
:134-cacagatgtgaaggacgccaaagtgat	1
:222-ctgaacgattgccacgccgagatcatcagcagaagaagcctgctgcggttcctatacacccagctggaactgtacctg	1
:319-agcggtccatcttcc	1
:299-gaacaacaaggacgaccagaagcggtccatcttcca	1
:756*gc*ac*gc	1
:245-catcagcagaagaagcctgctgcggttcctatacacccagctggaactgtacctgaacaacaaggacgaccagaagcg	1
:205-gcgacagaggactggccctgaacgattgccacgccgagatcatcagcagaagaagcctgctgcggttcctatacacccagctggaactgtacct	1
:248-cagcagaagaagcctgctgcggttcctatacacccagctggaactgtacctgaacaacaaggacgaccagaag	1
:228*gc*at	1
:258-agcctgc	1
:232-gccacgccgagatcatca	1
:105*gt:1*cg	1
:312*gt:1*ca	1
:298-tgaacaacaagg	1
:398-a	1
:226-acgatt	1
:297+t	1
:113-cggcgtggtcatgacaaccggcacagatgtgaaggacgccaaagtgatcagcgtgtccaccggcaccaagtgcatcaacggcgagta	1
:200*cg	1
:193-gcgagt	1
:200+t	1
:332+cg	1
:236+c	1
:163+g	1
:270-ttcct	1
:303-aacaaggacg	1
:204-agcgacagaggactggccctgaacgattgccacgccgagat	1
:247+tcgcgc	1
:217-tggccctgaacgattgccacgccgagatcatcagcagaagaagcctgctgcggttcctatacacccagctggaactgtacctg	1
:75+cg	1
:65*ct	1
:56*ag	1
:247+gagagactgtcggtcc	1
:249-agcagaag	1
:266-gcggttcctatacacccagctggaactgtacctga	1
:76-acttcagcagccctcac	1
:94+gct	1
:189-aa	1
:207+g	1
:281-ccagctggaactgtacctgaacaacaaggacgaccagaag	1
:339*tg	1
:224-gaacgattgccacgccgagatcatcagcagaagaagcctgctgcggttcctatacacccagctggaactgtacctgaacaacaaggacgacca	1
:324*tc*ct	1
:271*tc*ca	1
:154+t	1
:251-cagaa	1
:265-tgcggt	1
:185*ca	1
:213*ga*gt*at	1
:753*ac*tg*cg	1
:214-gactggccctgaacgattgccacgccgagatcatcagcagaagaagcctgctgcggttcctatacacccagctggaactgtacctgaacaacaaggacgaccaga	1
:233-ccacgccgagatcatcagcagaagaagcct	1
:267+tgc	1
:348-g	1
:116-cgt	1
:136-cag	1
:173-cgg	1
:262+tgtgcttctcaagggaactta	1
:269-gttcctatacacccagctggaactgtacctgaacaacaaggacgac	1
:138+gg	1
:423-t	1
:120+t	1
:234-cacgccgagatcatcag	1
:24*gc	1
:237-gccgagatcatcagcagaagaagcctgctgcggttcctatacacccagctggaactgtacctgaacaacaag	1
:575*ag	1
:684*ag	1
:831*gc*ga*cg	1
:403*cg	1
:221-cctgaacga	1
:235-acgccg	1
:109+a	1
:266+ac	1
:120*gc	1
:114-ggcgtg	1
:264-ctgcggttcctatacacccagctggaactgtacctgaacaacaaggacgaccagaagcggtccatcttcca	1
:322*gc*gt	1
:78*ta:1*ct	1
:102-aaagtcctggccg	1
:136*ct	1
:258-agcctgctgcggttcctatacacccagctggaact	1
:326+a	1
:258*ag*gc*ct	1
:304-acaaggacg	1
:297*cg:1*gc	1
:271*ta*ct	1
:286-tggaa	1
:271*ta*cg	1
:758-g	1
:775-a	1
:820*ca*tg	1
:748*ga	1
:265-tgcggttcctatacacccagctggaactgtacctgaacaacaaggacgaccagaagcggtcca	1
:104-ag	1
:109-tggccggcgtggtcatgacaaccggcacagatgtgaaggacgccaaagtgatcagcgtgtccaccggcaccaagtgcatcaacggcgagtaca	1
:351-ggcttccggctgaaagaaaatgtg	1
:378*ta	1
:381-c	1
:234*cg*at	1
:420-a	1
:271-tcctatacacccagctggaactgtacctgaacaacaaggacgaccagaagcggtccatc	1
:140-tgt	1
:790*cg*ag	1
:817*at	1
:206-cgacagaggactggccctgaacgattgccacgccgagatcatcagcagaagaagcctgctgcggttcctatacacccagct	1
:312+t	1
:307+c	1
:430*ct	1
:600-tgcagcgacaagatcgcccggtggaatgttgtgggcatccagggatctctgctga	1
:696*gc*gc	1
:204-agcgacagaggactggccctgaacgattgccacgcc	1
:240*gc:1*ga	1
:236-cgccgagatcatcagcagaagaagcctgctgcggttcctatacacccagctggaactgtacctgaacaacaaggacgaccagaagcg	1
:110-ggccggcgtggtcatgacaaccggcacagatgtgaaggacgccaaagtgatcagcgtgtccaccggcaccaagtgcatcaac	1
:107-cctggccggcgtggtcatgacaaccggcacagatgtgaaggacgccaaagtgatcagcgtgtccacc	1
:229-attgccacgccgagatcatcagcagaagaagcctgctgcggttcctatacacccagctggaactgtacctgaacaacaaggac	1
:28*ac	1
:415+c	1
:239-cgaga	1
:267+t	1
:102-aaagtcctggccggcgtggtcatgacaaccggcacagatgtgaaggacgccaaagtgatcagcgtgtccacc	1
:233+c	1
:216*cg*ta*gt	1
:114+g	1
:99*ac	1
:229*ac*ta	1
:240*gc*ag*ga	1
:211-gaggactggccctgaacgattgccacgccgagatcatcagcagaagaagcctgctgcggttcctatacacccagctggaactgtacctgaacaacaaggacgaccagaagc	1
:246-atcagcagaagaagcctgctgcggttcctatacacccagctggaactgtacctgaacaacaaggacgaccagaagcg	1
:253-gaagaagc	1
:148+c	1
:282*ca:1*gt	1
:259*gc*ct	1
:267-cggttc	1
:90+c	1
:24*gt	1
:351*gt*gt*ct	1
:357*ca*gt*gt	1
:400*gt*ct	1
:277-acacccagctggaactgtacctgaacaacaaggacgaccagaagcggtcca	1
:122-catgacaaccggcacagatgtgaaggacgccaaagtgatcagcgtgtccaccggcaccaa	1
:68*gt	1
:203-gagcgacagaggactggccctgaacgattgccacgccgagatcatcagcag	1
:235-acgccgagatcatcagcagaagaagcctgctgcggttcctatacacccagctggaactgtacctgaacaacaaggacg	1
:310*ac*cg	1
:150*gc:1*ca	1
:152-caaagtgatcagcgtgtccaccggcaccaagtgcatcaa	1
:292-tgtacct	1
:295-acctgaac	1
:314-ccagaagc	1
:287-ggaactgtacctgaacaacaa	1
:241-agatcatcagcagaagaagcctgctgcggttcctatacacccagctggaactgtacctgaacaacaaggacgaccagaagc	1
:268-ggttccta	1
:224-gaac	1
:248-cagcagaagaagcctgctgcggttcctatacacccagctggaactgtacctgaacaacaaggacgaccagaagc	1
:262*tc*ga	1
:339*tc:1*ta	1
:521-c	1
:615*gc*ct*cg	1
:68-g	1
:149-cgccaaagtgatcagcgtgtccaccggcaccaagtgcatcaac	1
:108+a	1
:109-tg	1
:110-ggccgg	1
:241-agatcatcagcagaagaagcctgctgcggttcctatacaccca	1
:288+caa	1
:295-acctgaacaacaaggacgaccagaagcggtccatcttc	1
:113+g	1
:277-acacccagctggaactgtacctgaacaacaaggacg	1
:150-gcca	1
:256-gaagcctgctgc	1
:277-acacccagctggaactgtacctgaacaacaagg	1
:206-cgacagaggactggccctgaacgattgccacgccgagatcatcagcagaagaagcctgctgcggttcctat	1
:255*ac*gt*ac	1
:359*gc	1
:385*ta	1
:101+a	1
:723*ac*ga*cg	1
:735*ta	1
:762*ct	1
:769*ct*tc	1
:772*tg	1
:774*ta*at*ta	1
:782*gc	1
:787*ac*gc	1
:794*gc	1
:796*tg*gt	1
:798*ac	1
:807*ta	1
:828*ca	1
:312-gacca	1
:226-acgattg	1
:226-acgattgccacgccg	1
:249-agcagaagaagcctgctgcggttcctataca	1
:306-aagg	1
:228-gattgccacgccgagatcatcagcagaagaagcctgctgcggttcctatacacccagctggaactgtacctgaacaacaaggacgaccag	1
:231-tgcca	1
:292+g	1
:317-gaag	1
:680*ct	1
:203+aa	1
:207-gacagaggactggccctgaacg	1
:103*ac	1
:258+t	1
:321*ca*gt*ga	1
:235-acgccgagatcatcagcagaagaagcctgctgcggttcctatacacccagctggaactgtacctgaacaacaaggacgaccaga	1
:206-cgacagaggactggccctgaacgattgccacgccgagatcatcagcagaagaagcctgctgcggttcctatacacccagctggaactgtacctgaacaacaaggacgaccagaagcggtccatcttccagaa	1
:90-cacgccagaagaaaagtcctggccggcgtggtcatgacaaccggcacagatgtgaa	1
:86-ccctcacgccagaagaaaagtcctggcc	1
:278-cacc	1
:298-tgaaca	1
:268-ggttcctatacacccagctggaactgtacctgaacaacaaggacgaccagaa	1
:234-cacgccgagatcatcagcagaagaagcctgctgcggttcctatacacccagctggaactgtacctgaacaacaa	1
:114*ga:1*cg	1
:117*gc*tg*gt	1
:295*ag*ca	1
:219-gccctgaa	1
:221-cctgaacgattgccacgccgagatcatcagca	1
:274-tatacacccagctggaactgtacctgaacaacaaggacgaccagaagcggtcca	1
:161+agttcccgcacaatcataagg	1
:165-gtgtccaccggcaccaagtgcatcaacggcgagtaca	1
:76+gagt	1
:102-aaagtc	1
:88+t	1
:88*cg	1
:251-cagaagaagcctgctgcggttcctatacacccagctggaactgtacctgaacaacaaggacgaccagaagcggtccatcttccagaa	1
:215-actggc	1
:288*gt*ag	1
:306*at*ac	1
:218-ggccctgaacgattgccacgccgagatcatcagcagaagaagcctgctgcggttcctatacaccca	1
:295-acctgaacaacaaggacgacc	1
:300*ag*ac*cg	1
:211-gaggact	1
:209-cagaggactggccctgaacgattgccacgc	1
:309*ga:1*ct	1
:225-aacgattgccacgccgagatcatcagcagaagaagcctgctgcggttcctatacacccagctggaactgtac	1
:221-cctgaacgattgccacgccgagatcatcagcagaagaagcctgctgcggttcctatacacccagctggaactgtacctgaacaacaaggacgaccagaagcggtccatcttcca	1
:813*ga*ct	1
:841+g	1
:255-agaagcctgctgcggttcctatacacccagctggaactgtacct	1
:86*ct	1
:309+gt	1
:313-accaga	1
:66*ct	1
:259-gcctgctgcggttcctatacacccagct	1
:301*at*ca	1
:131-cggcacagatgtgaaggacgccaaagtgatcag	1
:267-cggttcctatacacccagctggaactgtacctgaacaacaaggacgaccaga	1
:321+c	1
:299+gcg	1
:801*ga*gt	1
:77+c	1
:127-caac	1
:173*cg	1
:247-tcagcagaagaagcctgctgcggttcctatacacccagctggaactgtacctgaacaacaaggacgaccagaagc	1
:215-actggccctgaacgattgccacgccgagatcatcagcagaagaagcctgctgcggttcctatacacccagctgga	1
:147+c	1
:290-actgtac	1
:300+aagt	1
:223-tgaacgattgccacgccgagatcatcagcagaagaagcctgctgcggttcctatacacccagctggaactgtacctgaacaacaaggacgaccagaagcggtccatcttccag	1
:267-cggttcctatacacccagctggaactgtacctgaacaacaaggacgacca	1
:29*tc	1
:248-cagcagaagaagcctgctgcggttcctatacacccagctggaactgtacctgaacaacaaggacgaccagaagcg	1
:241-agatcatcagcagaagaagcctgctgcggttcctatacac	1
:255+t	1
:120-gtcatgacaaccggcacagatgtgaaggacgccaaagtgatcagcgtgtccaccggcaccaagtgcatcaac	1
:315*ca:1*ga	1
:251-cagaagaagcctgctgcggttcctatacacccagctggaactgtacct	1
:326+t	1
:294*tg*ag*ca	1
:257-aagcctgctgcggttc	1
:299-gaacaacaaggac	1
:276*tg*at	1
:207*ga*ac*cg	1
:266-gcggttcctatacacccagctggaactgtacctgaacaacaa	1
:139-atgtgaaggacgccaaagtgatcagcgtgtccaccggcaccaagtgcatcaacggcgagtac	1
:307*at*gt	1
:364*at*at	1
:227-cgattgccacgcc	1
:636*at	1
:764*ga	1
:768*ct*cg*tg	1
:804*at	1
:819*gc*ca*tg	1
:879*at	1
:917*at	1
:367*ag	1
:156+t	1
:158-gatcagc	1
:173-cggca	1
:216-ctggccctgaacgattgccacgccgagatcatcagcagaagaagcctgctgcggttcctatacacccagctggaac	1
:206-cgacagaggactggccctgaacgattgccacgccgagatcatcagcagaagaagcctgctgcggttcctatacacccagctggaactgtacctgaacaacaaggacgaccagaagc	1
:222*cg*tc	1
:277-acacc	1
:219-gccctgaacgattgccacgccgagatcatcagcagaagaagcctgctgcggttcctatacacccagctggaactgtacctgaacaacaaggacgac	1
:317-gaagc	1
:819-gc	1
:825+g	1
:267+c	1
:122-catgacaaccggcacagatgtgaaggacgccaaagtgatcagcgtgtccaccggcaccaagtgcatcaacgg	1
:264-ctgcggttcctatacacccagctggaactgtacctgaacaacaaggacgacca	1
:221-cctgaacgattgccacgccgagatcatcagcagaagaagcctgctgcggttcctatacacccagctggaactgtacctgaacaacaagga	1
:239-cgagatca	1
:256-gaagcctgctgcggttcctatacacccagctggaactgtacctgaacaacaag	1
:216-ctggccctgaacgattgccacgccgagatc	1
:254-aagaagcctgctgcggttcctatacacccagctggaactgtacctgaacaacaaggacgaccagaagcggtccatcttcc	1
:79-tcagcagccctcacgccagaagaaaag	1
:110-ggc	1
:232-gccac	1
:157-tgat	1
:194-cgagt	1
:252-agaagaagcctgctgcggttcctatacacccagctggaactgtacctgaacaacaaggacgaccaga	1
:551*ca	1
:709*at	1
:751-at	1
:781*tc	1
:801*gc:1*cg	1
:944*cg	1
:959*at	1
:972*ca	1
:274-tata	1
:281-ccagctgga	1
:297+tta	1
:205-gcgacagaggactggccctgaacgattgccacgccgagatcatcagcagaagaagcctgctgcggttcctatacacccagctggaactgtacctgaacaacaaggacgaccagaagc	1
:742-g	1
:771*ca:1*gc	1
:243-atcatcagcagaaga	1
:295+tc	1
:118-tggtcatgacaaccggcacagatgtgaaggacgccaaagt	1
:300*ac*at	1
:19*ta*ta	1
:33*gc:1*gc	1
:62*ca	1
:76-acttcagcagccctcacgccagaagaaaagtcctggccggc	1
:216-ctggccctgaacgattgccacgccgagatcatcagcagaagaagcctgctgcggttcctatacacccagctggaactgtacctgaacaacaaggacgaccagaag	1
:744*at*tg*cg	1
:798-agcggcatctccaatgccgaagctagacagcctggcaaggcccctaacttca	1
:312+a	1
:211-gaggactggccctgaacgattgccacgccgagatcatcagcagaagaagcctgctgcggttcctatacacccagctg	1
:763-tgcctcctctgtataccctgaacaagccactgctgagcggcatctccaa	1
:831-g	1
:849*ag*gt*cg	1
:89-tcacgccagaagaaaagtcctggccggcgtggtcatgacaaccggcacagatgtgaaggacgccaaagtgatcag	1
:255*ag*gc	1
:213*gt*gt*at	1
:309*gt*ag*ca	1
:93-gccagaagaaaagtcctggccggcgtggtcatgacaaccggcacagatgtgaaggacgccaaagtgatcagcgtgtccaccggcaccaag	1
:322-ggtccatct	1
:242-gatcatcagcagaagaagcctgctgcggttcctatacacccagctggaactgtacctgaacaacaaggacgaccagaagcggtccatcttc	1
:154+g	1
:102-aaagtcctggccggcgtg	1
:203+cca	1
:242-gatcatcagcagaagaagcctgctgcggttcctatacacccagctggaactgtacctgaacaacaag	1
:205-gcgacagaggactggccctgaacgattgccacgc	1
:203-gagcgacagaggactggccctgaacgattgccacgccgagatcatcagcagaagaagcctgctgcggttcctatacacccagctggaactgtacctgaacaa	1
:254-aagaagcctgctgcggttcctatacacccagctggaactgtacctgaacaacaagga	1
:290+aat	1
:294-tacctgaac	1
:209+tccatcttc	1
:210-agaggactggccctgaacgattgccacgccgagatcatcagcaga	1
:238-ccgagatcatcagcagaa	1
:779-cctgaacaagccactgctgagcggcatctccaatgccgaagctagacagcctggcaaggcccctaacttcagcgt	1
:112-ccggcgt	1
:341-tgagagaggcggcttccggctgaaagaaaatgtgcagtttcacctatacatctccacaagcccttgcggcgacgctcggatctttagcccccacg	1
:460-a	1
:464-ac	1
:204+tc	1
:98-aagaaaagtcctggccggcgtggtcatgacaaccggcacagatgtgaaggacgccaaagtgatcagcgtgtccaccggcaccaa	1
:87-cctca	1
:684*ac*gt*cg	1
:783*at	1
:223+g	1
:201-atgagcgacagaggactggccctgaacgattgccacgccgagatcatcagcagaagaagcctgctgcggttcctatacacccagctggaactgtacctgaacaacaaggacgaccagaag	1
:223-tgaacg	1
:831*gt	1
:239-cgagatcatcagcagaagaagcctgctgcggttcctatacacccagctggaactgtacctgaacaacaaggacgaccagaagcggtccatctt	1
:289+aa	1
:292-tgta	1
:218+g	1
:236-cgccgagatcatcagcagaagaagcctgctgcggttcctatacacccagctggaactgtacctgaacaacaaggacgaccagaagc	1
:243-atcatcagcaga	1
:268-ggttcctatacacccagctggaactgtacctgaacaaca	1
:270-ttcctatacacccagct	1
:428*ct	1
:86-ccctcacgccagaagaaaagtcctggccggcgt	1
:69+c	1
:200-catg	1
:313+c	1
:291+tgt	1
:294-tacct	1
:234+a	1
:322*ga*ga	1
:19*tc	1
:311-cg	1
:304+c	1
:282+t	1
:73-acaactt	1
:86-ccctca	1
:188-caac	1
:249-agcagaagaagcctgctgcggttcctatacacccagctggaactgtacctgaacaacaaggacgaccagaagcggtccatct	1
:252*ac*gt	1
:282*ca*ac	1
:261*cg*tc*ga	1
:237-gccgagatcatcagcagaagaagcctgctgcggttcctatacacccagctggaactgtacctgaacaacaaggacgaccagaagcggtccatct	1
:121-tcatgacaaccggcacagatgtgaaggacgccaaagtgatcagcgtgtccaccggcaccaagt	1
:379*ta	1
:771-c	1
:267*ca*gt*gt	1
:333*ca*at*gt	1
:672*ac*tc	1
:217+gta	1
:262-tgctg	1
:203+g	1
:242-gatcat	1
:219*ga:1*cg	1
:142-tgaaggacgccaaagtgatcagcgtgtccaccggcacca	1
:251+tt	1
:210-agagg	1
:316-agaagcg	1
:239-cgagatcatcagcagaagaagcctgctgcggttcctatacacccagctggaactgtacctgaacaacaaggacgacca	1
:370*ag	1
:240-gagatcatcagcagaagaagcctgctgcggttcctatacacccagctggaactgtacctg	1
:255-agaagcctgctgcggttcctatacacccagctggaactgtacctgaacaacaag	1
:166-tgtccaccggcaccaagtgcatcaacggcgagtacatga	1
:256-gaagcct	1
:272-cctatacacc	1
:303-aacaa	1
:216-ctggccctgaacgattgccacgccgagatcatcagcagaagaagcctgctgcggttcctatacacccagctggaactgtacctgaacaacaaggacgaccagaagcgg	1
:285-ctggaactgtacctgaacaacaaggacgacca	1
:318+c	1
:69-accga	1
:113-cggcg	1
:135-aca	1
:309*gc:1*ct	1
:290+ag	1
:181*ac	1
:298*tg*ga	1
:161-c	1
:214-gactggccctgaacgattgccacgccgagatcatcagcagaagaagcctgctgcggttcctatacacccagctggaactgtacctgaacaacaa	1
:221-cctgaacgattgccacgccgagatcatcagcagaagaagcctgct	1
:304+t	1
:215-actggccctgaacgattgccacgccgagatcatcagcagaagaagcctgctgcggttcctatacaccc	1
:91-acgccagaagaaaagtcctggccggcgtggtcatgacaaccggcacagatgtgaagg	1
:177-accaa	1
:190-acggc	1
:48*ca	1
:180-aagtgcatcaacggcgagtacatga	1
:523-c	1
:734*ga	1
:760-ac	1
:788-g	1
:798-a	1
:806*cg	1
:813-gc	1
:816*gc	1
:296-cct	1
:134-cacagatgtgaaggacgccaaagtgatcagcgtgtccaccggcaccaagtgcatcaacggcga	1
:145-aggacgccaaagtgatc	1
:255*ag*gt	1
:210-agaggactggccctgaacgattgccacgccgagatcatcagcagaa	1
:119-ggtca	1
:124*tc*gt	1
:305+g	1
:179*cg	1
:86-ccctcacgccagaagaaaagtcctggccggcgtggt	1
:175*gt*ca	1
:655*gc	1
:126*at:1*at	1
:237-gccgagatcatcagcagaagaagcctgctgcggttcctatacacccagctggaactgtacctgaacaacaaggacgaccagaagcg	1
:216*cg*tg*ga	1
:268+g	1
:766*ca*tc	1
:324+a	1
:367-a	1
:216-ctggccc	1
:685*gt	1
:719*ca	1
:741*ct	1
:768*cg*ca*tg	1
:516*gc:1*ag	1
:543-g	1
:262+a	1
:346*ga	1
:270-ttccta	1
:228-gattgccacgccgagatcatcagcagaagaagcctgctgcggttcctataca	1
:283-agctggaactgtacctgaacaacaag	1
:284+t	1
:227+t	1
:235-acgccgagatcat	1
:243-atcatcagcagaagaagcctgctgcggttcctatacacccagctggaactgtacctgaacaacaaggacgacc	1
:129+g	1
:202+t	1
:299-gaaca	1
:331-tccag	1
:324+c	1
:68-ga	1
:8*tg	1
:354*tc	1
:419*gc	1
:346*gt	1
:366*gt*at	1
:267*ct*gt*gt	1
:822*at:1*ag	1
:27*gt	1
:156*gt*ta*gt	1
:240-gagatcatcagcagaagaagcctgctgcggttcctatacacccagctggaactgtacctgaacaacaaggacgaccagaagcg	1
:346*gt*at	1
:124-tgacaacc	1
:135+aatgg	1
:413*ct	1
:224-gaacg	1
:93-gccagaagaaaagtcctggccggcgtggtcatgacaaccggcacagatgt	1
:598-g	1
:651*ca:1*gc	1
:678-t	1
:700-g	1
:104-agt	1
:129-accgg	1
:184-gc	1
:144+c	1
:235-acgccgagatcatcagcagaagaagcctgctgcggttcctatacacccagctggaactgtacctgaacaacaagg	1
:701*ct	1
:777-ac	1
:792*cg*ta*gc	1
:131-cggcacagatgtgaaggacgccaaagtgatcagcgtgtccaccggcaccaagtgcatcaacggcga	1
:609*at*ag*gc	1
:795*cg	1
:214-gactggccctgaacgattgccacgccgagatcatcagcagaagaagcctgctgcggttcctatacacccagctggaactgtacctgaacaacaaggacgaccagaagcggt	1
:279*at*ca*cg	1
:298*ta*ga	1
:313-accagaagcggt	1
:112-ccggcgtggtcatgacaaccggcacagatgtgaaggacgccaaagtgatcagcgtgtccaccggcaccaagtgcatcaacggcgagtacatga	1
:241-agatcatcagcaga	1
:299+gc	1
:334*at*gc	1
:273-ctatacacccagctggaactgtacctgaacaacaagga	1
:282-cagctggaactgt	1
:267*cg*gt*gc	1
:217-tggccctgaacgattgccacgccgagatcatcagcagaa	1
:93-gcca	1
:122+a	1
:261-ctgctgcggttcctatacacccagctggaactgtacctgaacaacaaggacgacca	1
:108-ctggccggcgtggtcatgacaaccggcacagatgtgaaggacgccaaagtgatcag	1
:204-agcgacagaggactggccctgaacgattgccacgccgagatcatcagcagaagaagcctgctgcggttcctatacacccagctggaactgtacctgaacaacaaggacgaccaga	1
:124*ta*ga	1
:113-cggcgtggtcatgacaaccggcacagatgtgaaggacgccaaagtgatcagcgtgtccaccggcaccaagtgcatcaacggcgagtaca	1
:94-ccagaagaaaagtcctggccggcgtggtcatgacaaccggcacagatgtgaaggacgccaaagtgatcagcgtgtccaccggcaccaagtgcatca	1
:79-tcagc	1
:275-atacacccagctggaactgtacctgaacaacaaggacgaccagaagcggtccatcttccaga	1
:20*tc	1
:209+c	1
:281+g	1
:243-atcatcagcagaagaagcctgctgcggttcctatacacccagctggaactgtacctgaacaac	1
:341-t	1
:102-aaagtcctggc	1
:282-cagctggaa	1
:223-tgaacgattgccacgccgagatcatcagcagaagaagcctgctgcggttcctatacacccagctggaactgtacctgaacaacaag	1
:601-g	1
:606+gca	1
:609-aagatcg	1
:641-gg	1
:644*ac	1
:645*tc	1
:648*ct	1
:651-c	1
:656-cat	1
:678-tt	1
:681+a	1
:681*tg	1
:201*ac:1*ga	1
:96*ac*ga	1
:279-acccagctg	1
:289*ac*ag	1
:117-gtggtcatg	1
:281-ccagctggaactgtacctgaacaacaaggacgaccagaa	1
:66*cg	1
:314-ccagaagcggt	1
:271-tcctatacacccagctggaactgtacctgaacaacaaggac	1
:313*ac*cg	1
:325*ct*cg	1
:207+t	1
:208-acagaggactggccctgaacgattgccacgc	1
:264+t	1
:255*at*gc*ac	1
:209-cagaggactggccctgaacgattgccacgccgagatcatcagcagaagaagcctgctgcggttcctatacacccagctggaactgtacctgaacaacaaggacg	1
:703-tgtaccacggcgatcacctgagcagagcca	1
:304-acaaggacgaccag	1
:301-acaacaaggacgaccagaagc	1
:261-ctgctgcggttcctata	1
:290-actgtacctgaacaac	1
:282*cg:1*gt	1
:822-a	1
:142*tg	1
:753*at	1
:789-c	1
:289-aactgtacctgaacaacaa	1
:223-tgaacgattgccacgccgagatcatcagcagaagaagcctgctgcggttcctatacacccagct	1
:116-cgtggtcatgacaaccggcacagatgtgaaggacgccaaagtgatcagcgtgtccac	1
:91*at*ca	1
:260-cctgc	1
:96-agaagaaaagtcctggccggcgtggtcatgacaaccggcacagatgtgaagga	1
:102*ag*at	1
:156*gt*ta	1
:257-aagcctgctgcggttcctatacacccagctggaactgtacctgaacaaca	1
:318*ag*ag	1
:661*ta	1
:664*ta	1
:676*ac	1
:711*gt	1
:716*tg	1
:730*ca	1
:732*ac	1
:791*at	1
:838-cc	1
:57*tc	1
:108-ctggccggcgtggtcatgacaaccggcacagatgtgaaggacgccaaagtgatcagcgtgtccaccggcaccaagt	1
:232-gcc	1
:116-cgtggtcatgacaaccggcacagatgtgaaggacgccaaagtgatcagcgtgtccaccggcaccaagtgcatcaac	1
:203+aga	1
:76-acttcagcagccctcacgccagaagaaaagtcctggccggcgtggtcatgacaaccggcacagatgtgaaggac	1
:207-gacaga	1
:234*ca*ac*cg	1
:410*ct	1
:251*ct	1
:258*at*ga*ct	1
:310*at*ca	1
:401*cg	1
:267-cggttcctatacacccagctggaactgtacctgaacaacaaggacgaccagaa	1
:203-gagcgacagaggactggccctgaacgattgccacgccgagatcatcagcagaagaagcctgctgcggttcctatacacccagctggaactgtacctgaacaacaaggacgaccaga	1
:290-actgtacctgaacaacaaggacgaccagaagcggtc	1
:201+t	1
:245+a	1
:265-tgcggttccta	1
:215-actggccctgaacgattgccacgccgagatcatcagcagaagaagcctgctgcggttcctatacacccagctggaactgtacctgaacaacaaggacgaccagaagcggt	1
:214-gactggccctgaacgattgccacgccgagatcatcagcagaagaagcctgctgcggttcctata	1
:410*cg	1
:102+c	1
:663*gt	1
:273*ct*tc	1
:303*ac*at	1
:268-ggttcctatacacccagctggaactgtacctgaacaacaaggacgaccagaagcggtccatcttccag	1
:226*at*ca	1
:70-ccgacaacttcagcagccctcacgccagaagaaaagt	1
:351*gc	1
:211-gaggac	1
:221+tgg	1
:651*ca*ta*gc	1
:611*gc	1
:663*ga*ta*gc	1
:229-attgccacgccgagatcatcagcagaa	1
:256*gc	1
:311+c	1
:238-ccgagat	1
:929*ct	1
:78+ctg	1
:254-aagaagcctgctgcggttcctatacacccagctggaactgtacctgaacaacaaggacgaccagaagcggtccatcttccagaa	1
:214-gactggccctgaacgattgccacgccgagatcatcagcagaagaagcctgctgcggttcctatacacccagctggaactgtacctgaacaacaaggacgaccagaagcggtccatctt	1
:203-gagcgacagaggactggccctgaacg	1
:230+cacaatgccg	1
:126-acaaccggcacagatgtgaaggacgccaaagtgatcagcgtgtccaccggcaccaagtgcatcaacggcgagtacatgagc	1
:754-t	1
:840*ca*ca*tc	1
:81+g	1
:323-gtccatcttcca	1
:247*tc*ca	1
:249*ag*gc*ca	1
:409*gn	1
:727*ga	1
:762-ctgcctcctctgtataccctgaacaagccactgct	1
:210-agag	1
:787-agccactgctgagcggcatctccaatgccgaag	1
:820*cg	1
:834*ac*ag	1
:125+tg	1
:64*ac	1
:282*cg*ac*gt	1
:319+t	1
:332-cc	1
:323+cagaac	1
:709*ag*cg	1
:723*ac	1
:253+t	1
:71-cgacaactt	1
:85*gc*cg	1
:117-gtg	1
:160-tcagc	1
:187-tcaac	1
:78-ttcag	1
:242-gatcatcagcagaagaagcctgctgcggttcctatacacccagctggaactgtacctgaacaacaaggacgaccagaagcggtccatctt	1
:204-agcgacagaggactggccctgaacgattgccacgccgagatcatcagcagaagaagcctgctgcggttcctatacacccagctggaactgtacctgaacaacaaggacgaccagaagcggtccatc	1
:113-cggcgtggtcatgacaaccggcacagatgtgaa	1
:265*tc*gt	1
:600+a	1
:602-c	1
:690-a	1
:273-ctatacacccagctggaactgtacctgaacaacaaggacgaccagaagcggtccatcttcca	1
:132+t	1
:214-gactggccctgaacgattgccacgccgagatcatcagcagaagaagcctgctgcggttcctatacacccagc	1
:238*ca*ca	1
:332+c	1
:219-gccctgaacgattgccacgccgagatcat	1
:744*ag:1*cg	1
:782*gt	1
:787*ac	1
:802*gc	1
:805*ta	1
:822*ac	1
:826*ac	1
:835*ac	1
:849*at	1
:851-c	1
:771*ct*ta*gc	1
:100*gt	1
:289-aactgtacctgaacaacaaggacgaccagaagcggtccatcttcc	1
:85*gc*ca	1
:196*ac*ga	1
:198*tg*at	1
:406*gc	1
:107-cctggccggcgtggtcatgacaaccggcacagatgtgaaggacgccaaagtgatcagcgtgtccaccg	1
:158+ctc	1
:159-atcagcgt	1
:185-catcaa	1
:273+tt	1
:765*ca*ct*tc	1
:824-a	1
:139+c	1
:84-agccctcacgccagaagaaaagtcctggccggcgtggtcatgacaaccggcacagatgtgaaggacgccaaagtgatcagcgtgtccaccggcaccaa	1
:72*gc*at	1
:146-ggacg	1
:179+gg	1
:180-aag	1
:215+c	1
:222-ctgaacgattgccacgccgagatcatcagcagaagaagcctg	1
:269+gga	1
:235*ag*ca	1
:264-ctgcggtt	1
:111-gccggcgtggtcatgacaaccggcacagatgtgaaggacgccaaagtgatcagcgtgtccaccggcaccaagtgcatc	1
:90-cacgccagaagaaaagtc	1
:76-acttcagcagccctcacgccagaagaaaagtcctggccggcgtggtcatgacaaccggcacagatgtgaagg	1
:225-aacgattgccacgccgagatcatcagcagaagaagcctgctgcggttcctatacacccagctggaactgtacctgaacaacaaggacgaccagaagc	1
:389*cg	1
:100-gaaaagtcctggccggcgtggtcatgacaaccggcacagatgtgaaggacgccaaagtgatcagcgtgtccaccggcaccaagtgcatcaacg	1
:314+g	1
:87-cctcacgccagaagaaaagtcctggccggcgtggtcatgacaaccggcacagatgtgaaggacgccaaagtgatcagcgtgtccaccggca	1
:220+ac	1
:300-aacaacaaggacgaccagaagcggtccatcttcc	1
:220-ccctga	1
:117+a	1
:414*ga	1
:396*at:1*at	1
:95-cagaagaaaagtcctggccggcgtggtcatgacaaccggcacagatgtgaaggacgccaaagtgatcagcgtgtccaccggcaccaagtgcatcaacg	1
:206-cgacagaggactggccctgaacgattgccacgccgagatcatcagcagaagaagcctgctgcggttcctatacacccagctggaactgtacctgaacaacaagga	1
:145*ag	1
:238-ccgagatca	1
:568*tc	1
:591+t	1
:593-a	1
:690*ag*ta	1
:801*ga*gt*cg	1
:67*tg	1
:753*ac	1
:774*tc	1
:830*tc	1
:211-gaggactggccctgaacgattgccacgccgagatcatcagcagaagaagcctgctgcggttcctatacacccagctggaactgtacctgaacaacaaggacgacc	1
:241-agatcatcagcagaagaagcctgctgcggttcctatacacccagctggaactgtacctgaacaacaaggacgaccagaagcggtccat	1
:772*ta*gc	1
:292-tgtacctgaacaacaaggacgaccagaa	1
:264+gt	1
:99+t	1
:203+c	1
:212-aggactggcc	1
:320+t	1
:385*tc	1
:273-ctatacacccagctggaactgtacctgaacaacaaggacgaccagaagcgg	1
:258-agcctgctgcggttcctatacacccagctggaactgtacctg	1
:613-t	1
:622-ggaa	1
:626*tc	1
:632-g	1
:655-g	1
:671-catctact	1
:682+ctc	1
:685-gcat	1
:693+t	1
:695*ga	1
:703-tg	1
:706*at	1
:218-ggccctgaacgattgccacgccgagatcatcagcagaagaagcctgctgcggttcctatacacccagctggaactgtacctgaacaacaaggacgaccagaa	1
:228-gattgccacgccgagatcatcagcagaagaagcctgctgcggttcctatacacccagctggaactgtacct	1
:471*ag*ac	1
:491-gctgagaacaaagatcgaaagcggcgaaggcacaatccccgtgcggagcaatgcctctatccaaacatgggacggcgtgctgcaag	1
:845*cg	1
:714*ga*at*tg	1
:357-cggctgaaagaaaatgtgcagtttcacctatacatctccacaagcccttgcggcgacgct	1
:495*ac	1
:336+c	1
:320-gcggt	1
:82+cgt	1
:243-atcat	1
:251+aca	1
:111+t	1
:669*ct*cg*cg	1
:288+a	1
:232*gc*ca	1
:707*ca	1
:245-catcagcagaagaagcctgctgcggttcctatacaccca	1
:238-ccgagatcatcagcagaagaa	1
:269-gttcctatacacccagctggaactgtacct	1
:843*at*at*cg	1
:282-cagctggaactgtacctgaacaacaaggacgaccagaagcggtccatcttccag	1
:243-atcatcagcagaagaagcctgctgcggttcctatacacccagctggaactgtacctgaacaacaaggacgaccagaa	1
:136*cg	1
:178+t	1
:204+a	1
:211+c	1
:210-agaggactggccctgaacgattgccacgccgagatcatcagcagaagaagcctgctgcggttcctatacacccagctggaactgtacctgaacaacaaggacgaccagaag	1
:277*ac*ca	1
:77-ctt	1
:316*at*gt	1
:156*ga:1*gt	1
:228-gattgccacgccgagatcatcagcagaagaagcctgctgcggttcctatacacccagctggaactgtacctga	1
:262*tc*gt	1
:264*cg*tc*gt	1
:267*cg*gc	1
:79-tcagcagccctcacgccagaagaaaagtcctggccggcgtggtcatgacaaccggcacagatgtgaaggacgccaaagtgatcagcgtgtccaccggcaccaagtgcatcaac	1
:235-acgccga	1
:315*cg*ag*ga	1
:404*ta	1
:218-ggccctg	1
:240-gagatca	1
:55*ag	1
:216-ctggccctgaacgattgccacgccgagatcatcagcagaagaagcctgctgcggt	1
:271+a	1
:527-c	1
:759*gc	1
:835*at*gc	1
:385*tg	1
:46*tc	1
:72*gt*ac	1
:242-gatcatcagcagaagaagcctgctgcggttcctatacacccagctggaactgtacctgaacaacaaggacgaccagaagcg	1
:431*ct	1
:228-gattgccacgccgagatcatcagcagaagaagcctgctgcggttcctatacacccagctggaactgtacctgaacaacaag	1
:310*ac*ca	1
:318*ag:1*ga	1
:321*cg*gc	1
:121-tcatgacaaccggcacagatgtgaaggacgccaaagtgatcagcgtgtcca	1
:143-gaaggacgccaaagtgatcagcgtgtccaccg	1
:310*ag*ca	1
:289-aac	1
:294+tt	1
:315*ca:1*gt	1
:248+g	1
:214-gactggccctgaacgattgccacgccgagatcatcagcagaagaagcctgctgcggttcctataca	1
:232-gccacgccgagatcatcagcagaagaagcctgctgcggttcctatacacccagctggaactgtacctgaacaacaaggacgaccagaagc	1
:780+g	1
:781-tg	1
:287+a	1
:318*at*at*gt	1
:250+g	1
:254-aagaagcctgctgcggttcctatacacccagctggaactgtacctgaacaaca	1
:51*gt	1
:68-gaccgacaa	1
:35*gt	1
:309*gt:1*ca	1
:639*ca*at	1
:732*at	1
:786*at	1
:825*ca*ac	1
:840*cg	1
:852*gt	1
:290+at	1
:615*gt*ca	1
:756*gt*ag*gc	1
:837*ga*ct	1
:114+a	1
:138+g	1
:146-ggacgccaaagtgatcagcgtgtccacc	1
:201-atgagcgacagaggactggccctgaacgattgccacgccgagatcatcagcaga	1
:248-cagcagaagaagcctgctgcggttcctatacacccagctggaactgtacctgaacaacaaggacga	1
:275-atacacccagctggaactgtacctgaac	1
:307+tctgtctcac	1
:235+a	1
:181*ag	1
:227-cgattgccacgccgagatcat	1
:281-ccagctggaactgta	1
:302+cttatg	1
:424*tc	1
:144-aaggacgcca	1
:168-tccac	1
:639*ct*ag	1
:672*at	1
:726-ag	1
:728*ag	1
:766+t	1
:768-cctc	1
:776-tac	1
:784-ac	1
:793-tgct	1
:804-at	1
:807*tg*ct	1
:821-t	1
:825-cag	1
:829*cg	1
:834-a	1
:849-a	1
:814-c	1
:825*ct*ag	1
:845-ct	1
:214+gtctgagagaggcggcttcc	1
:220-ccctgaa	1
:369*ac	1
:656*ct	1
:675*tc:1*cg	1
:142-tgaaggacgccaaagtgatcagcgtgtccaccggcaccaagtgcatcaacggcgagtaca	1
:360-ctgaaagaaaatgtgcagtttcacctatacatctccacaagcccttgcggcgacgctcggatctttagcccccacgagcccatc	1
:468*ct	1
:117+t	1
:213-ggactggccctgaacgattgccacgccgagatcatcagcagaagaagcctgctgcggttcctatacacccagct	1
:245-catcagcagaagaagcctgctgcggttcctatacacccagctggaactgtacctgaacaacaaggac	1
:273-ctata	1
:208-acagaggactggccctgaacgattgccacgccgagatcatcagcagaagaagcctgctgcggttcctatacacccagctggaactgtacctgaacaaca	1
:128-aaccg	1
:331+c	1
:196-agtacat	1
:204*at*gc	1
:144-aaggacgccaaagtgatcagcgtgtccaccggcaccaagtgcatcaac	1
:369*at*at	1
:402*cg*cg	1
:73-acaacttcagcagccctcacgccagaagaaaagtcctggccggcgtggtcatgacaaccggcacagatgtgaaggac	1
:83-cagccctcacgccagaagaaaagtcctggccggcgtggtcatgacaaccggcacagatgtgaaggacgccaaagtgatcagcgtgtccaccggcaccaagtgcatcaacggcga	1
:299-gaacaacaa	1
:24*ga	1
:199-acatgagcga	1
:212+ca	1
:759-gac	1
:769-ct	1
:778-c	1
:783+tgc	1
:787-agccac	1
:797-ga	1
:827-g	1
:844-ac	1
:846*tc	1
:250-gcag	1
:269+a	1
:220-ccctgaacgattgccacgccgagatcatcagca	1
:184*gc	1
:320+c	1
:146-ggacgccaaagtgatcagcgtgtccaccg	1
:239-cgagatcatcagcagaagaagcctgctgcggttcctatacacccagctggaactgtacctgaacaacaaggacgaccagaagcggtccat	1
:257-aagcctgctgcggttcctatacacccagctggaactgtacctgaacaacaaggacgaccaga	1
:216+tg	1
:218-ggccctgaacgattgccacgccgagatcatcagcagaagaagcctgctgcggttcctatacacccagctggaactgtacctgaacaacaaggacgaccagaagc	1
:71-cgacaacttcagcagccctcacgccagaagaaaagtcctggccggcgtggtcatgacaaccggcacagatgtgaaggacgccaaagtgatcagcgt	1
:95-cagaagaaaagtcctggccggcgtggtcatgacaaccggcacagatgtgaaggacgccaaagtgatcagcgtgtccaccggcaccaagtgcatcaacgg	1
:69*at	1
:702*ct*tg	1
:207-gacagaggactggccctgaacgattgccacgccgagatcatcagcagaagaagcctgctgcggttcctatacacccagctg	1
:74-caacttc	1
:256-gaagcctgctgcggttcctatacacccagctggaactgtacctgaacaacaaggacgaccagaagc	1
:225+a	1
:213-ggactggccctgaacgattgccacgccgagatcatcagcagaagaagcctgctgcggttcctatacacccagctg	1
:28*ac*ta	1
:128-aaccggcacagatgtgaaggacgccaaagtgatcagcgtgtccaccggcaccaagtgcatcaacggcgagt	1
:295+ccg	1
:226-acgattgccacgccgagatcatcagcagaagaagcctgctgcggttcctatac	1
:192+a	1
:210*ag*ga*at	1
:315*cg*ac	1
:69*ac	1
:81-agcagccctcacgccagaagaaa	1
:129-accggcac	1
:243-atcatcagcagaagaagcctgctgcggttcctatacacccagctggaactgtacctgaacaacaaggacgaccagaagcggtccatcttccagaagtc	1
:94*ca*ca	1
:206-cgacagaggactggccctgaacgattgccacgccgagatcatcagcagaagaagcctgctgcggttcctatacaccca	1
:132+a	1
:818-ag	1
:392*ca	1
:143*gc	1
:231-tgccacgccgagatcatcagcagaagaagcctgctgcggttcctatacacccagctggaactgtacctgaacaacaagga	1
:87*ct*cg*ta	1
:340-ctgagagaggcggcttccggctgaaagaaaatgtgcagtttcacctatacatctccacaagcccttgcggcgacgctcggatcttta	1
:257-aagcctgctgcggttcctatacacccagctggaactgtacctgaacaacaaggacgaccagaa	1
:215-actggccctgaacgattgccacgccgagatcatca	1
:255-agaagcctgctgcggttcctatacacccagctggaactgtacctgaacaacaaggacgaccagaagcggtccatcttcc	1
:250+c	1
:247+c	1
:314-ccagaagcggtccatctt	1
:123*ag*tg	1
:255*at*gt	1
:83-cagcc	1
:97*gt	1
:72-gacaacttcagcagccctcacgccagaagaaaagtcctggccggcgtggtcatgacaaccggcacagatgtg	1
:324*ta*ct*ca	1
:202*tg*ga	1
:222-ctgaacg	1
:86-ccctcacgccagaagaaaagtcctggccggcgtggtcatgacaaccggcacagatgtgaaggacgccaaagtgatcagcgtgtccac	1
:176+c	1
:186+a	1
:80-cagcagccctcacgccagaagaaaagtcctggccggcgtggtcatgacaaccggcacagatgtgaaggacgccaaagtgatcag	1
:296+c	1
:135-acagatgtgaaggacgccaaagtgatcagcgtgtccaccggcaccaagt	1
:85*gt*ca	1
:89-tcacgccaga	1
:111-gccggcgtggtcatga	1
:666*ga:1*ac	1
:711*gc*gc	1
:348*gc	1
:113+t	1
:142-tgaa	1
:147+tc	1
:756-g	1
:795-c	1
:803-cat	1
:807*tc	1
:826-ag	1
:828*cg	1
:833-c	1
:837-gc	1
:843-a	1
:213-ggactggccctgaacgattgccacgccgagatcatcagcag	1
:256+cc	1
:267-cggttcctatacacccagctggaactgtacctgaacaacaaggacgaccagaagcggtccatctt	1
:277-acacccagc	1
:199-acatgagcg	1
:643*gt	1
:221-cctgaacgattgccacgccgagatcatcagcagaagaagcctgctgcggttcctatacacccagctggaactgtacctgaacaacaaggacgaccagaagcggtcca	1
:733*tc	1
:852*gt*ta*gc	1
:133-gcacagatgtgaaggacgccaaagtgatcagcgtgtccaccggcaccaagtgcatcaacggcgagtacatga	1
:201-atga	1
:603*at	1
:605-c	1
:255-agaagcctg	1
:131-cggcacagatgtgaaggacgccaaagtgatcagcgtgtccaccggcaccaagtgcatcaacggcgagta	1
:288-gaactgtacctgaacaacaaggacgaccagaagc	1
:206-cgacagaggactggccctgaacgattgccacgccgagatcatcagcagaagaagcctgctgcggttcctatacacccagctggaactgtacctgaacaacaaggacga	1
:90-cacgccagaagaaaagtcctggccggcgtggtcatgacaaccggcacagatgtgaaggacgccaaagtgatcagcgtgtccaccggcaccaa	1
:296-cctg	1
:180-aa	1
:243+tact	1
:118-tggtca	1
:142-tga	1
:161+c	1
:164-cgtgtc	1
:175-gcaccaa	1
:234+t	1
:235-acgccgagatcatcagcagaagaagcctgctgcggttcctatacacccagctggaactgtacctgaacaaca	1
:277+a	1
:272+ca	1
:239+t	1
:241-agatca	1
:249*at*gc	1
:75-aacttcagcagccctcacgccagaagaaaagtcctggccggcgtggtcatgacaaccggcacagatgtg	1
:512-c	1
:598*ga	1
:649-tg	1
:699*at:1*cg	1
:239-cgagat	1
:314-ccagaagcggtc	1
:286*tc*gt	1
:83-cagccctcacgccagaagaaaagtcctggccggcgtggtcatga	1
:253*gc	1
:290+att	1
:293-gtacctg	1
:77-cttcagcagccctcacgccagaagaaaagtcct	1
:26*tg	1
:199-acatgag	1
:209-cagaggactggccctgaacgattgccacgccgagatcatcag	1
:595*ta	1
:675*ta:1*cg	1
:697*gt	1
:773*gt	1
:780*ct	1
:884*at	1
:97*gc	1
:218-ggccctgaacgattgccacgccgagatcatcagcagaagaagcctgctgcg	1
:641*gt	1
:666*ga*at*ac	1
:720*ct*tg*gc	1
:210-agagga	1
:135+t	1
:226+c	1
:329-cttccagaagtctgagagaggcgg	1
:645*tc*ct*tg	1
:322*gt*ga	1
:249-agcagaagaagcctgctgcggttcctatacacccagctggaactgtacctgaacaacaaggacgaccagaagcggtccatctt	1
:127-caaccggcacagatgtgaaggacgccaaagtgatcagcgtgtccaccggcaccaagtgcatcaacggcgag	1
:88-ctcacgccagaagaaaagtcctggccg	1
:76+g	1
:82-gc	1
:86+a	1
:132-ggcacaga	1
:156-gtg	1
:166-tgtc	1
:170*cg	1
:211-gaggactggccctgaacgattgccacgccg	1
:358*gc	1
:300*ag:1*ca	1
:123*at	1
:163*gc*cg	1
:130*cg*ct	1
:778*ca*cg	1
:600*tc*gt*cg	1
:264*ca:1*gt	1
:252-agaagaagcctgctgcggttcctatacacccagctg	1
:216-ctggccctgaacgattgccacgccgagatcatcagcagaagaagcctgctgcggttcctatacacccagctggaactgtacctgaacaacaaggacgaccagaagcggtccatc	1
:221-cctgaacgattgccacgccgagatcatcagcagaagaagcctgctgcg	1
:216-ctggccctgaac	1
:282*ct*ac	1
:215-actggccctgaacgattgccacgccgagatcatcagcagaagaagcctgctgcggttcctatacacccagctggaactgtacctgaac	1
:71-cgacaact	1
:93+a	1
:327-atcttccag	1
:225-aacgattgccacgccgagatcatcagcagaagaagcctgctgcggttcctatacacccagctggaactgtacctgaacaacaaggac	1
:300-aacaacaagga	1
:235+ggt	1
:236-cgccgagatcatcagc	1
:103*ac*at	1
:103-aag	1
:111-gccggcgtggtcatgacaaccggcacagatgtgaaggacgccaaa	1
:819*ga	1
:842*tc	1
:843*at	1
:840*ct*ct*tc	1
:229-attgccacgccgagatcatcagcagaagaagcctgctgcggttcctatacacccagctggaactgtacctgaacaacaaggacgaccagaagcggt	1
:273*ct*ta*at	1
:618*ct*gt*gc	1
:720*ca*tg*gc	1
:285*ct:1*gt	1
:273-ctatacacccagctggaactgtacctgaacaacaaggacgaccagaag	1
:254+at	1
:206-cgacagaggactggccctgaacgattgccacgccgagatcatcagcagaagaagcctgctgcggttcctatacacccagctggaactgtacctgaacaacaa	1
:283-agctggaactgtacctgaacaacaaggacgaccagaagcggtccatcttcca	1
:49*tg	1
:97-gaagaaaagtcctggccggcgtggtcatgacaaccggcacagatgtgaaggacgccaaagtgatcagcgt	1
:224+a	1
:275-atacacccagctggaactgtacctgaacaacaaggacgaccagaagc	1
:90-cacgccagaagaaaagtcctggccggcgtggtcatgacaaccggcacagatgtgaaggacgccaaagtgatc	1
:113-cggcgt	1
:135*at*cg	1
:352*gt*ca	1
:133-gcacagatgtgaaggacgccaaagtgatcagcgtgtccaccggcaccaagtgcatcaacggcgagt	1
:115-gcgtggtcatgacaaccggcacagatgtgaaggacgccaaagtgatcagcgtgtccaccggcaccaagtgcatcaacggcgagtac	1
:731-ca	1
:220-ccctgaacgattgc	1
:209-cagaggactggccctgaacgatt	1
:284+g	1
:297*ct:1*ga	1
:304+ac	1
:209+t	1
:144*ac*ac	1
:246-atcagcagaagaagcctgctgcggttcctatacacccagctggaactgtacctgaacaacaaggacgaccagaa	1
:202-tg	1
:234-cacgccgagatcatcagcagaagaagcctgctgcggttcctatacacccagctggaactgtacctgaacaacaaggacgaccagaag	1
:243-atcatcagcagaagaagcctgctgcggttcctatacacccagctggaactgtacctgaacaaca	1
:221-cctga	1
:282*ct*at	1
:146+t	1
:268+a	1
:151+tgc	1
:162-agcgtgtccaccggcaccaagtgcatcaacggcg	1
:282-cagct	1
:204-agcgacagaggactggccctgaacgattgccacgccgagatcatcagcagaagaagcctgctgcggttcctatacacccagctggaactgtacctgaacaaca	1
:604*gt*cg	1
:681*tg*cg*gc	1
:653*ga	1
:687*at*tg	1
:684*at	1
:696*ga	1
:243-atcatcagcagaagaagcctgctgcggttcctatacaccc	1
:214-gactggccctgaacgattgccacgccgagatcatcagcagaagaagcct	1
:645*ta*ca*tg	1
:683*ga	1
:240+g	1
:67-t	1
:143-gaaggacgccaaagtgatcagcgtgtccaccggcaccaa	1
:333+g	1
:249-agcagaagaagcctgctgcggttcctatacacccagctggaact	1
:216-ctggccctgaacgattgccacgccgagatcatcagcagaagaagcctgctgcggttcctatacacccagctggaactgtacctgaacaacaaggacgaccag	1
:267-cggttcctatacacccagctggaactgtacctgaacaacaaggacgaccagaagc	1
:119-ggtcatgacaaccggcacagatgtgaaggacgccaaagtgatcagcgtgtccaccggcaccaa	1
:632*ga	1
:820*ct*tg	1
:281-ccagctggaactgtacctgaacaacaaggacgaccaga	1
:147*gt*at*cg	1
:228*gc*ag	1
:245-catcagcagaagaagcctgctgcggttcctatacacccagctggaactgtacctgaacaacaaggacgaccag	1
:55*ac	1
:77-cttcagcagccctcacgccagaagaaaagtcc	1
:112-ccggcgtggtcatgacaaccggcacagatgtgaaggacgccaaagtgatcagcgtgtccaccggcaccaagt	1
:247-tcagc	1
:313+cga	1
:315-cagaagcg	1
:248-ca	1
:264*cg:1*gc	1
:60*gt	1
:294*tc*ag	1
:122-catgacaaccggcacagatgtgaaggacgccaaagtgatcagcgtgtccaccggcaccaagtgcatcaacggcgagtacatga	1
:550*tg	1
:699*at	1
:705*tg*ag	1
:718*ac	1
:728*ac	1
:260+c	1
:207-gacagaggactggccctgaacgattgccacgccgagatcatcagcagaagaagcctgctgcggttcctatacacccagctggaactgtacctgaacaacaaggacgaccagaagcggtccatcttccagaa	1
:232-gccacgccgagatcatcagcagaagaagcctgctgcggttcctatacacccagctggaactgtacctgaac	1
:241*at*gc	1
:630*gt	1
:739-ag	1
:747-a	1
:881*cg	1
:137-agatgtgaaggacgccaaagtgatcagcgtgtccaccggcaccaagtgcatcaacggcgagtacatga	1
:293-gtacc	1
:224-gaacgattgccacgccgagatcatcagcagaagaa	1
:217-tggccctgaacgattgccacgccgagatcatcagcagaagaagcctgctgcggttcctatacacccagctggaactgtacctgaacaacaaggacgaccagaagcgg	1
:70-cc	1
:85-gccctcacgccagaagaaaagtcc	1
:111+agt	1
:303*ac*at*ct	1
:201+g	1
:203-gagcgacagaggactg	1
:291+tg	1
:203+a	1
:257-aagcctgctgcggttcctatacacccagctggaactgtacctga	1
:77-cttcagcagcc	1
:94+tgcctc	1
:215-actggccctgaacgattgccacgccgagatcatcagcagaagaagcctgctgcggttcctatacacccagctggaactgtacctgaacaacaaggacgaccaga	1
:556*ct	1
:84+g	1
:257-aagcctgctgcggttcctatacaccca	1
:84-agccctcacgccagaagaaaagtcctggccgg	1
:83*cg	1
:82-gcagccctcacgccagaagaaaagtcctggc	1
:128-aaccggcacagatgtgaaggacgccaaagtgatcagcgtgtccaccggcaccaagtgcatcaacggcgagtacat	1
:278+g	1
:80-cagcagccctcacgccagaagaaaagtcctggccggcgtggtcatgacaaccggcacagatgtgaaggacgccaaagtgatcagcgtgtccaccggcaccaa	1
:99+c	1
:397*ct	1
:176-cac	1
:267-cggttcctatacacccagctggaactgtacctgaacaacaaggac	1
:315-cagaagcgg	1
:274-tatacacccagctggaactgtacctgaacaacaa	1
:85-gccc	1
:117+g	1
:67-tgaccgacaacttcagcagccctcacgccagaagaaaagtcctggccggcgtggtcatgacaaccggcacagatgtgaaggacgccaaagtgatcagcgtgtccaccg	1
:177-accaagtg	1
:189*ac*at	1
:317+t	1
:167-gtcc	1
:181-agtgc	1
:95*cg	1
:241-agatcatcagcagaagaagcctgctgcggttcctatacacccagctggaactgtacctgaacaacaaggacgaccaga	1
:167-gtcca	1
:168-tccaccggcaccaagtgcatcaacggcgagtacatgagc	1
:155-agtg	1
:183-tgcat	1
:255+tt	1
:144-aaggac	1
:152+gag	1
:123-atgacaaccggcacagatgtgaaggacgccaaagtgatcagcgtgtccaccggcaccaagtgcatcaacggcgagtacat	1
:128*at	1
:243*at:1*ca	1
:627-g	1
:653-g	1
:657-a	1
:662-cg	1
:666+c	1
:676-a	1
:243+atc	1
:628-ttgtgggcatccagggatctctgctgagcatcttcgtggaacccatctacttctcgagcatcatcctgggcagcctgtaccacggcgatcacc	1
:237*gt*ca*ct	1
:336*at*at	1
:343*at*gt	1
:360*ca:1*gt	1
:287-ggaactgtacctgaacaacaaggacgaccagaa	1
:151-cca	1
:183-tgc	1
:279-acccagctggaactgta	1
:201*at:1*gt	1
:276*ta*at*ct	1
:206-cgacagaggactggccctgaacgattgccacgccgagatcatcagcagaagaagcctgctgcggttcctatacacccagctggaactgt	1
:93*gc*cg	1
:105*ga*tg*ct	1
:210-agaggactggccctgaacgattgccacgccgagatcatcagcagaagaa	1
:175-gcaccaagtgcatcaacggcga	1
:277-acacccagctggaactgtacctgaacaac	1
:425*tg	1
:114-ggcgtggtcatgacaaccggcacagatgtgaaggacgccaa	1
:279*ac*cg	1
:115-gcgtggtcatgacaaccggcacagatgtgaaggac	1
:95-cagaagaaaagtcctggccggcgtggtcatgacaaccggcacagatgtgaaggacgccaaagtg	1
:255-agaagcctgctgcggttcctatacacccagctg	1
:148-ac	1
:160-tc	1
:287-gg	1
:291+t	1
:294-tacctga	1
:112-ccggcgtggtcatgacaaccggcacagatgtgaaggacgccaaagtgatcagcgtgtcca	1
:172*ct*ct	1
:288-gaactgta	1
:154-aagt	1
:243-atcatcagcagaagaagcc	1
:264+tcgagaa	1
:236-cgccgagatcatcagcagaagaagcctgctgcggttcctatacacccagctggaactgtacct	1
:272-cctatacac	1
:345-agaggcggcttccggctgaaagaaaatgtgcagtttcacctatacatctccacaagcccttgcggcgacgctcggatcttta	1
:434-c	1
:437-g	1
:449-ag	1
:453*ca	1
:145-aggacgccaaagtg	1
:729*ga*ct*cg	1
:759*ga	1
:762*cg	1
:325+c	1
:71-cgacaacttcagcagccctcacgcca	1
:99+ct	1
:104-agtcctggc	1
:234-cacgccgag	1
:242+gg	1
:291-ctgt	1
:292*ta*ga	1
:242-gatcatcagcagaagaag	1
:259-gcctgctgcggttcctatacacccagctggaactgtacctgaacaacaaggacgaccagaagc	1
:214-gactggc	1
:708*cg:1*cg	1
:215+a	1
:250-gcagaagaagcctgctgcggttcctatacacccagctggaactgtacctgaacaacaaggacgaccagaagcggtccatct	1
:208-acagaggactggccctgaacgattgccacgccgagatcatcagcagaagaagcctgctgcggttcctatacacccagctgga	1
:70-ccgacaacttcagcagccctcacgccagaagaaaagtcctggccggcgtggtcatgacaaccg	1
:771-ctgtataccctgaacaagccactgctgagcggcatctccaatgccgaagctagacagcc	1
:830*tg	1
:72-gacaacttcagcagccct	1
:205*gc*cg	1
:207*ga*ac*ca	1
:228*ga:1*ta	1
:291-ctgtacc	1
:208+a	1
:74-caacttcagcagccctcacgccagaagaaaagt	1
:287+g	1
:589*tc*ga	1
:659-c	1
:240+t	1
:76-acttcagcagccctcacgccagaagaaaagtcctggccggcgtggtcatgacaaccggcacagatgtg	1
:434*ct	1
:270-ttcctatacacccagctggaactgtacctgaacaacaaggacgaccagaa	1
:72-gacaactt	1
:99*at	1
:169*ca*ca	1
:122-catgacaaccggcacagatgtgaaggacgc	1
:807*tg*ca	1
:240-gagatcatcagcagaagaagcctgctgcggttcctatacacccagctggaactgtacctgaacaacaaggacgaccagaagcggtccatcttcca	1
:241-agatcatcagcagaagaagcctgctgcggttcctatacacccagctggaactgtacctgaacaacaaggacgaccagaagcggtcc	1
:331-tcca	1
:282+aa	1
:229+c	1
:318*ag*ag*ga	1
:215-actggccctgaacgat	1
:234+caatg	1
:270-ttcctatacacccagctggaactgtacctgaacaacaaggacgac	1
:328+tt	1
:216+ttc	1
:200-catgagcgacagaggactggccctgaacgattgccacgccgagatcatcag	1
:219-gccc	1
:303-aacaagg	1
:225*ac:1*ca	1
:238-ccgagatcatcagcagaagaagcctgctgcggttcctatacacccagctggaactgtacctgaacaacaaggacgaccagaagcggtccatcttccagaagt	1
:71-cgacaacttcagcagccctcacgccagaagaaaagtcctggccggcgtggtcatgacaaccggcacagatgtgaaggacgccaaagtgatcagcgtgtccaccgg	1
:419-ga	1
:146-ggac	1
:232-gccacgccgagatcatcagcagaagaagcctgctgcggttcctatacacccagctggaactgtacctgaacaacaaggacgacca	1
:314+tt	1
:419-gat	1
:278-cacccagctggaactgtacctgaacaacaaggacgaccagaagcggtcc	1
:68*ga	1
:208-acagaggactggccctga	1
:230+t	1
:227-cgattgccacgccgagatcatcagcagaagaagcctgctgcggttcctatacacccagctggaactgtacctgaacaacaaggacg	1
:285-ctggaac	1
:302-caacaag	1
:72-gacaacttcagcagccctcacgccag	1
:105-gtcc	1
:137*at	1
:226-acgattgccacgccgagatcatcagcagaagaagcctgctgcggttcctatacaccc	1
:292*ta*gt	1
:147-gacgccaaagtgatcagcgtgtccaccggcaccaagtgcatcaac	1
:233-ccacgccgagatcatcagcagaagaagcctgctgcggttcctatacacccagctggaactgtacctgaacaacaaggacgaccagaagc	1
:260-cctgctgcggttcctatacacccagctggaactgta	1
:277*at*ca	1
:241-agatcatcagc	1
:298+t	1
:248-cagcagaagaagcctgctgcggttcctatacacc	1
:141-gtgaaggacgccaaagtgatcagcgtgtccaccggcaccaagtgcatcaac	1
:150+t	1
:212-aggactggccctgaacgattgccacgccgagatcatcagcagaagaagcctgctgcggttcctatacacccagctggaactgtacctgaacaacaaggacgaccagaagcggtccatctt	1
:132-ggcacagatgtgaaggacgccaaagtgatcagcgtgtccaccggcaccaagt	1
:79*ta*ca	1
:275-atacacc	1
:625+g	1
:645*tg*ca*tg	1
:693-ct	1
:695*gt	1
:705-tac	1
:712-gc	1
:723*ag	1
:306*at*ag*gt	1
:600*tg	1
:622-g	1
:627*ga:1*tc	1
:672*ac*tg*cg	1
:219-gccctgaacgattgccacgccgagatcatcagcagaagaagcctgctgcggttc	1
:634*ga	1
:792*ca*ta*gc	1
:827*ga	1
:237-gccgagatcatcagca	1
:76+t	1
:88*ca*ta	1
:120*gt*ta*ca	1
:160*ta*ca	1
:168*ta:1*ca	1
:197-gtac	1
:674*ct	1
:688-t	1
:212-aggactggccctgaac	1
:619*gc*gc	1
:281-ccagctggaactgtacctgaacaacaaggacgaccagaagcg	1
:205-gcgacagaggactggccctgaacgattgccacg	1
:205*gc*ca	1
:258+c	1
:273-ctatacacccagctggaactgtacctgaacaacaaggacgaccagaagcggtccatcttccag	1
:230-ttgccac	1
:210-agaggactgg	1
:228*gt*ac	1
:272-cctatacacccagctggaactgtacctgaacaacaagga	1
:231-tgccacgccga	1
:307-aggacgaccag	1
:254-aagaagcctgctgcggttcctatacacccagctggaactgtacctgaacaacaaggacgacca	1
:74-caacttcagcagccct	1
:94+agagagct	1
:199*ac	1
:217*ta*gt	1
:263+c	1
:266-gcggttccta	1
:261+aa	1
:248+ca	1
:295-acctga	1
:102-aaagtcctggccggcgtggtcatgacaaccggcac	1
:630*ga*tg*gc	1
:274-tatacacccagct	1
:419*ga	1
:759*gt*ag	1
:70*ct*cg	1
:176-caccaagtgcatcaac	1
:240*ga*ag	1
:282-cagctg	1
:342*gt*at*gt	1
:169*ca*cg	1
:597*ac*gc	1
:619-g	1
:636-at	1
:638*ct	1
:708*ca	1
:218-ggccctgaacgattgc	1
:228*gt:1*tg	1
:91-acgccaga	1
:211*gc*at	1
:120-gtcatga	1
:154-aagtg	1
:166-tgtccac	1
:191-cgg	1
:202-tgagcgacagaggactggccctgaacgattgccacgccgagatcatcagcagaagaagcctgctgcggttcctatacacccagc	1
:252*at*gt	1
:282*ca*at*gt	1
:295*at*cg	1
:93*gc*cg*ca	1
:101-aaaagtc	1
:169-ccaccggcaccaagtgcatcaacgg	1
:194*cg	1
:324*tg*ct	1
:99-agaaaagtcctggccggcgtggtcatgacaaccggcacagatgtgaaggacgccaaagtgatcagcgtgtccaccggcaccaag	1
:843*ag:1*cg	1
:334-agaag	1
:225-aacga	1
:295-acctgaaca	1
:138*gn	1
:144*ac:1*ga	1
:199*ac*cg	1
:37*ga	1
:268-ggttcctatacacccagctggaact	1
:303+ttccgt	1
:271-tcctatacacccagctggaactgtacctgaacaacaaggacgaccagaagcg	1
:280-cccagctggaactgtacctg	1
:243-atcatcagcagaagaagcctgctgcggttcctatacacccagctggaactgtacctgaacaacaa	1
:603*ag	1
:609*ac	1
:756-gag	1
:766*ct*tc	1
:771-ctgta	1
:777*at	1
:814*ca	1
:262+t	1
:233-ccacgccgagatcatcagcagaagaagcctgctgcggttcctatacacccagctggaactgtacctgaaca	1
:304*ag*cg	1
:161-cag	1
:292+a	1
:354+t	1
:222-ctgaacgattgccacgccgagatcatcagcagaagaagcctgctgcggttcctatacacccagctggaactgtacctgaacaacaaggacgacca	1
:99-agaaaagtcctggccggcgtggtcatgacaaccggcacagatgtgaaggacgccaaagtgatcagcgtgtccaccggcaccaagtgc	1
:97+g	1
:113-cggcgtggtcatgacaaccggcacagatgtgaaggacgccaaagtgatcagcgt	1
:43*ta*ct	1
:76-actt	1
:82*gt*ca	1
:76-acttcagcagccctcacgccagaagaaaagtcctggccggcgtggtcatgacaaccggcacagatgtgaag	1
:268*gt*gt	1
:328+t	1
:269-gttcctatacacccagctggaactgtacctgaacaacaaggacgaccagaagcggtccatct	1
:650-g	1
:660-t	1
:670*ct*cg	1
:676-ac	1
:678*tc	1
:716-t	1
:244-tcatcagcagaagaagcctgctgcggttcctatacacccagctggaactgtacctgaacaacaaggacgaccagaagcggtccatct	1
:199-acatgagcgacagaggactggccctgaacgattgccacgccgagatcatcagcagaagaagcctgctgcggttcctatacacccagctggaactgtacctgaacaacaaggacgaccagaagc	1
:268*gc*gt	1
:390*ac	1
:135-acagatgtgaaggacgccaaagtgatcagcgtgtccaccggcaccaagtgcatcaacggcga	1
:646*ca	1
:648-ctg	1
:652*ta	1
:654*at	1
:668-acc	1
:691*tg	1
:122+ccc	1
:763-t	1
:246-atcagcagaagaagcctgctgcggttcctatacacccagctggaactgtacctgaacaacaaggacgaccagaagcggtccatcttccag	1
:239-cgagatcatcagcagaagaagcctgctgcggttcctatacacccagctggaactgtacctgaacaacaaggacgaccagaa	1
:276+g	1
:141-gtg	1
:218-ggccctgaacgattgccacgccgagatcatcagcagaagaagcctgctgcggttcctatacacccagctggaactgtacctgaacaacaaggacgaccagaagcg	1
:127-caaccggcacagatgtgaaggacgccaaagtgatcagcgtgtccacc	1
:279+g	1
:286*ta*ga	1
:237*gc:1*cg	1
:220-ccctgaacgattgccacgccgagatcatcagcagaagaagcctgctgcggttcctatacacccagctggaactgtacctgaacaaca	1
:215-actggccctgaacgattgccacgccgagatcatcagcagaagaagcctgctgcggttcctatacacccagctggaa	1
:212+ac	1
:216-ctggccctgaacgattgccacgccgag	1
:261*cg:1*gc	1
:423*ta	1
:84-agccctcacgccagaag	1
:252*at:1*at	1
:137-ag	1
:157-tgatcagcgtgt	1
:174-ggca	1
:76-acttcagcagccctc	1
:123-atg	1
:157*tg*gt	1
:81-agcagccctcacgccagaagaaaagtcctggccggcgtggtcatgacaaccggcacagatgtgaaggacgccaaagtgatcagcgtgtccaccggcaccaag	1
:104-agtcctggccggcgtggtcatgacaaccggcacagatgt	1
:235-acgccgagatcatcagcagaagaagcctgctgcggttcctatacacccagctggaactgtacct	1
:63*gc	1
:207-gacagag	1
:264-ctgc	1
:297+ta	1
:300-aacaac	1
:217-tggccctgaacgattgccacgccgagatcatcagcagaagaagcctgctgcggttcctatacacccagctggaactgtacctgaacaacaaggacgaccaga	1
:276-tacacccagctggaactgtacctgaacaacaag	1
:207-gacag	1
:307*ag*gt	1
:214-gactggccctgaacgattgccacgccgagatcatcagcagaagaagcctgctgcggttcctatacacccagctggaactgtacctgaacaacaaggacgaccagaagcggtcc	1
:247-tcagcagaagaagc	1
:243+t	1
:153-aaagtgatcagcgtg	1
:319-agcggt	1
:331-tcc	1
:99-agaaaagtcctggccggcgtggtcatgacaaccggcacagatgtgaag	1
:217-tggccctgaacgattgccacgccgagatcatcagcagaagaagcctgctgcggttcctatacaccca	1
:305*ct	1
:203-gagcgacagaggactggccctgaacgattgccacgccgagatcatcagcagaagaagcctgctgcggttcctatacacccagctggaactgtacctgaacaac	1
:404*tg	1
:259-gcctgct	1
:302-caacaaggacgaccagaagcggtc	1
:234-cacgccgagatcatcagcagaagaagcctgctgcggttcctatacacccagctggaactgtacctgaacaacaag	1
:264+c	1
:392*ct	1
:354*tg	1
:257-aagcctgctgcggttcctatacacccagctggaactgtacctgaacaacaaggacgaccagaagc	1
:396*ac	1
:301*at*ct	1
:240*gc:1*gt	1
:39*at	1
:297+tga	1
:88-ctcacgccagaagaaaagtcctggccggcgtggtcatgacaaccggcacagatgtgaa	1
:42*ct	1
:275+c	1
:852*gc*tg	1
:657*ag	1
:678*ta*tg	1
:760*at	1
:320-gcgg	1
:222-ctgaa	1
:233-cc	1
:259-gcctgctgcggttcctatacacccagctggaactgtacctgaacaacaaggac	1
:708*ct*at	1
:973*at	1
:666*gt	1
:279-acccag	1
:286*ta*gt	1
:111-gccggcgtggtcatgacaaccggcacagatgtgaaggacgccaaagtgatcagcgtgtccaccggcaccaagtgcatcaac	1
:330+t	1
:265*ta*ga	1
:727*gc*ac	1
:783-aacaagccactgctgagcggcatctccaatgccgaagctagacagcctggcaaggcccctaacttc	1
:208-acagagga	1
:285-ctggaactgtacctgaacaacaaggacgaccagaagcggtccatcttcca	1
:234-cacgccgagatcatcagcagaagaagcctgctgcggttcctatacacccag	1
:220-ccctgaacgattgccacgccgagatcatcagcagaagaagcctgctgcggt	1
:273-ctatacacccagctggaactgtacctgaacaacaa	1
:310-acgacca	1
:303*at:1*ca	1
:374*gc	1
:563*ca	1
:648*ca	1
:250-gcagaagaagcctgctgcggttcctatacacccagctggaactgtacctgaacaacaaggacgaccagaagc	1
:256-gaagcctgctgcggttcctatacacccagctggaactgtacctgaacaacaaggacgacc	1
:95-cagaagaaaagtcctggccggcgtggtcatgacaaccggcacagatgtgaaggacgccaaagtgatcagcgtgtccaccg	1
:358*gt*gt	1
:231-tgccacgccgagatcatcagcagaagaagcctgctgcggttcctatacacccagctggaactgtacctgaacaacaaggacgacca	1
:250-gcagaagaagcctgctgc	1
:265-tgcggttcctatacacccagctg	1
:255-agaagcct	1
:288-gaactgtac	1
:278-cacccagctggaactgtacctgaacaacaaggacgaccagaagcggtccatcttc	1
:141+c	1
:249-agcagaagaagcctgctgcggttcctatacacccagctggaactgtacctgaacaacaaggacgaccagaagcggtccatcttcca	1
:224-gaacga	1
:88*cg*ta	1
:109-tggccggcgtggtcatgacaaccggcacagatgtgaaggacgccaaagtgatcagcgtgtccaccggcaccaag	1
:152-caaagtgatcagcgtgtccaccggcaccaagtgca	1
:73-acaac	1
:90-cacgc	1
:74-caacttcagcagccctcacg	1
:100-gaaaagtcct	1
:722-g	1
:806-c	1
:825*cg	1
:161-cagc	1
:208-acagaggactggccctgaacgattgccacgccgagatcatcagcagaagaagcctgctgcggttcctata	1
:280+gt	1
:203-gagcgacagaggactggccctgaacgattgccacgccgagatcatcagcagaagaagcctgctgcggttcctatacacccagctggaactgtacctgaacaacaaggacgaccagaa	1
:126-acaaccggcacagatgtgaaggacgccaaagtgatc	1
:78-ttca	1
:180*ag*ag	1
:219+tt	1
:221+agta	1
:225-aacgattgccacgccgagatcatcagc	1
:303+gattgccacgccgag	1
:309-gacgaccagaagcggtccatcttccagaa	1
:123-atgacaaccggcacagatgtgaaggacgccaaagt	1
:228-gattgcca	1
:209-cagaggactg	1
:243-atcatcagc	1
:137-aga	1
:294-tacctgaacaacaaggacgaccagaagcggtccatct	1
:177*ac:1*cg	1
:325-cc	1
