:73*ac	1
:72*gt*ag	0
wt	367
:74*cg	1
:72*gt*at	0
:73*ag	0
:72*gc	0
:72*ga*at	0
:72*ga:1*cg	0
:72*gc*at*cg	0
:72*ga*at*cg	0
:72*ga	2
:72*gc*ac	0
:72*gc:1*cg	0
:72*gc*ag*cg	1
:72*ga*ag	1
:72*ga*ac	0
:73*at*cg	0
:72*gt*ag*cg	1
:72*gt	0
:75*ag*ac	0
:75*at*ag	0
:75*ag	0
:75*ag:1*cg	0
:75*at*at	0
:75*ag*ag	0
:75*ac	0
:76*at	1
:77*cg	0
:75*ac*at*cg	2
:76*at*cg	0
:75*ac*ac	2
:75*ac:1*cg	2
:75*ac*ag*cg	1
:76*ag	0
:76*ac	0
:75*ag*at*cg	3
:75*at*ag*cg	0
:75*at	3
:78*tg*tc	2
:79*tg	1
:78*tg*ta	0
:78*tg*ta*cg	0
:78*tg*tg	1
:78*tc*ta	0
:78*ta	1
:78*ta*ta*cg	0
:78*tc:1*cg	0
:78*ta:1*cg	0
:78*ta*ta	0
:78*tc*tc	2
:78*tc*ta*cg	0
:78*tc*tg*cg	1
:78*ta*tg	0
:78*ta*tc	1
:78*tg:1*cg	0
:79*tg*cg	0
:79*ta	2
:81*ag*gc	1
:81*at	1
:81*ag*ga	0
:81*ag*ga*cg	1
:81*at*gt	0
:81*ag	1
:81*ac*ga	0
:82*gt	1
:82*ga*cg	0
:81*ac*gt*cg	0
:82*gt*cg	1
:82*ga	0
:81*ac*gc	2
:81*ac*ga*cg	1
:81*ac:1*cg	0
:82*gc	1
:81*ag*gt*cg	1
:81*at:1*cg	0
:81*at*ga	1
:84*ag*gc	0
:84*at	1
:84*ag*ga	0
:84*ag*ga*cg	0
:84*at*gt	1
:84*ag	1
:84*ac*ga	0
:85*gt	3
:85*ga*cg	0
:84*ac*gt*cg	0
:85*gt*cg	1
:85*ga	1
:84*ac*gc	1
:84*ac*ga*cg	0
:84*ac:1*cg	0
:85*gc	1
:84*ag*gt*cg	0
:84*at:1*cg	1
:84*at*ga	2
:87*cg:1*tc	0
:87*ct*cg*tc	0
:87*cg*ca*tc	0
:87*cg*ca*tg	1
:87*ct*ct*tc	1
:87*cg*cg*tc	2
:88*ca*tc	0
:87*ca*ct*tc	0
:87*ca*ca*tg	0
:88*ct*tg	1
:87*ca*ct*tg	0
:87*ca*ca*tc	0
:89*tc	2
:88*ca*tg	0
:88*cg*tg	1
:87*ca*cg*tc	0
:87*ca:1*tc	0
:87*cg*ct*tg	0
:87*ct*cg*tg	0
:87*ct*ca*tc	0
:90*cg*ac	0
:90*ct*ag	2
:90*cg	1
:90*cg:1*cg	0
:90*ct*at	0
:90*cg*ag	2
:90*ca*at	0
:90*ca:1*cg	0
:91*at*cg	3
:90*ca*at*cg	2
:90*ca	0
:91*ac	2
:92*cg	2
:91*ag*cg	0
:90*ca*ag	0
:90*ca*ac	0
:90*cg*at*cg	0
:90*ct*ag*cg	0
:90*ct	2
:93*gt*cg	2
:94*ca	2
:94*ca*cg	0
:93*gt*ct	0
:94*cg	2
:93*gc*ca	0
:93*ga*ct	1
:93*ga*ca*cg	3
:93*gc*ct*cg	0
:93*ga*ct*cg	1
:93*ga*ca	0
:93*gc	0
:93*gc*ca*cg	0
:93*gc*cg*cg	1
:93*ga*cg	0
:93*ga	1
:94*ct*cg	1
:93*gt*cg*cg	0
:93*gt*ca	0
:96*ag*gc*ac	0
:96*at:1*ac	0
:96*ag*ga*ac	0
:96*ag*ga*ag	0
:96*at*gt*ac	1
:96*ag:1*ac	3
:96*ac*ga*ac	0
:97*gt*ac	0
:97*ga*ag	0
:96*ac*gt*ag	0
:97*gt*ag	2
:97*ga*ac	0
:96*ac*gc*ac	0
:96*ac*ga*ag	0
:96*ac:1*ag	0
:98*ac	0
:97*gc*ac	0
:96*ag*gt*ag	0
:96*at:1*ag	0
:96*at*ga*ac	0
:99*ag*gc*ac	0
:99*at:1*ac	0
:99*ag*ga*ac	1
:99*ag*ga*ag	1
:99*at*gt*ac	3
:99*ag:1*ac	2
:99*ac*ga*ac	0
:100*gt*ac	0
:100*ga*ag	0
:99*ac*gt*ag	0
:100*gt*ag	0
:100*ga*ac	1
:99*ac*gc*ac	0
:99*ac*ga*ag	1
:99*ac:1*ag	1
:101*ac	0
:100*gc*ac	1
:99*ag*gt*ag	1
:99*at:1*ag	0
:99*at*ga*ac	0
:102*ag*ac*ac	2
:102*at*ag*ac	1
:102*ag:1*ac	0
:102*ag:1*ag	2
:102*at*at*ac	0
:102*ag*ag*ac	0
:102*ac:1*ac	0
:103*at*ac	1
:104*ag	1
:102*ac*at*ag	0
:103*at*ag	0
:104*ac	2
:102*ac*ac*ac	0
:102*ac:1*ag	3
:102*ac*ag*ag	0
:103*ag*ac	1
:103*ac*ac	0
:102*ag*at*ag	0
:102*at*ag*ag	2
:102*at:1*ac	0
:106*tc	2
:105*gt*tg	0
:106*ta	0
:106*ta*cg	0
:105*gt	1
:106*tg	0
:105*gc*ta	0
:105*ga	0
:105*ga*ta*cg	0
:105*gc:1*cg	2
:105*ga:1*cg	0
:105*ga*ta	0
:105*gc*tc	0
:105*gc*ta*cg	1
:105*gc*tg*cg	0
:105*ga*tg	0
:105*ga*tc	0
:107*cg	1
:105*gt*tg*cg	0
:105*gt*ta	1
:108*cg*tc*gc	0
:108*ct*tg*gc	2
:108*cg*ta*gc	0
:108*cg*ta	0
:108*ct:1*gc	2
:108*cg*tg*gc	2
:109*ta*gc	0
:108*ca:1*gc	2
:108*ca*ta	0
:108*ca	1
:108*ca*ta*gc	0
:109*tc*gc	1
:109*ta	0
:109*tg	1
:108*ca*tg*gc	0
:108*ca*tc*gc	1
:108*cg	0
:108*ct*tg	5
:108*ct*ta*gc	0
:111*gt*cg	3
:112*ca	0
:112*ca*cg	3
:111*gt*ct	1
:112*cg	0
:111*gc*ca	0
:111*ga*ct	1
:111*ga*ca*cg	0
:111*gc*ct*cg	0
:111*ga*ct*cg	0
:111*ga*ca	0
:111*gc	1
:111*gc*ca*cg	0
:111*gc*cg*cg	0
:111*ga*cg	0
:111*ga	0
:112*ct*cg	2
:111*gt*cg*cg	1
:111*gt*ca	0
:115*gc	2
:114*gt	0
:115*ga	0
:115*ga*cg	2
:114*gt*gt	2
:114*gc*ga	1
:114*ga*gt	0
:114*ga*ga*cg	4
:114*gc*gt*cg	0
:114*ga*gt*cg	1
:114*ga*ga	0
:114*gc*gc	0
:114*gc*ga*cg	1
:114*gc:1*cg	0
:114*ga	0
:114*ga*gc	2
:115*gt*cg	0
:114*gt:1*cg	2
:114*gt*ga	1
:118*tc*gc	0
:117*gt*tg*gc	1
:118*ta*gc	1
:118*ta	0
:117*gt:1*gc	0
:118*tg*gc	1
:117*gc*ta*gc	2
:117*ga:1*gc	0
:117*ga*ta	0
:117*gc	1
:117*ga	1
:117*ga*ta*gc	0
:117*gc*tc*gc	3
:117*gc*ta	0
:117*gc*tg	2
:117*ga*tg*gc	2
:117*ga*tc*gc	0
:117*gt*tg	0
:117*gt*ta*gc	2
:121*tc	1
:120*gt*tg	2
:121*ta	0
:121*ta*cg	1
:120*gt	0
:121*tg	0
:120*gc*ta	0
:120*ga	0
:120*ga*ta*cg	0
:120*gc:1*cg	0
:120*ga:1*cg	1
:120*ga*ta	1
:120*gc*tc	1
:120*gc*ta*cg	0
:120*gc*tg*cg	0
:120*ga*tg	0
:120*ga*tc	0
:122*cg	0
:120*gt*tg*cg	0
:120*gt*ta	1
:123*ag*tc*gc	0
:123*at*tg*gc	1
:123*ag*ta*gc	3
:123*ag*ta	0
:123*at:1*gc	1
:123*ag*tg*gc	0
:123*ac*ta*gc	0
:125*gc	1
:124*ta	1
:123*ac	1
:124*ta*gc	0
:123*ac*tc*gc	0
:123*ac*ta	2
:123*ac*tg	1
:124*tg*gc	0
:124*tc*gc	1
:123*ag	2
:123*at*tg	0
:123*at*ta*gc	0
:126*ag:1*ac	1
:126*at*cg*ac	0
:126*ag*ca*ac	0
:126*ag*ca*ag	0
:126*at*ct*ac	0
:126*ag*cg*ac	2
:126*ac*ca*ac	0
:127*ct*ac	0
:127*ca*ag	0
:126*ac*ct*ag	2
:127*ct*ag	1
:127*ca*ac	3
:126*ac:1*ac	1
:126*ac*ca*ag	1
:126*ac*cg*ag	0
:127*cg*ac	3
:128*ac	0
:126*ag*ct*ag	0
:126*at*cg*ag	0
:126*at*ca*ac	1
:129*ag	3
:129*at*cg	0
:129*ag*ca	0
:129*ag*ca*cg	0
:129*at*ct	0
:129*ag*cg	0
:129*ac*ca	0
:130*ct	2
:130*ca*cg	3
:129*ac*ct*cg	1
:130*ct*cg	0
:130*ca	0
:129*ac	2
:129*ac*ca*cg	1
:129*ac*cg*cg	0
:130*cg	0
:129*ag*ct*cg	1
:129*at*cg*cg	0
:129*at*ca	1
:133*gc	0
:132*gt	1
:133*ga	1
:133*ga*cg	0
:132*gt*gt	0
:132*gc*ga	1
:132*ga*gt	1
:132*ga*ga*cg	1
:132*gc*gt*cg	0
:132*ga*gt*cg	3
:132*ga*ga	0
:132*gc*gc	0
:132*gc*ga*cg	0
:132*gc:1*cg	0
:132*ga	1
:132*ga*gc	1
:133*gt*cg	0
:132*gt:1*cg	1
:132*gt*ga	0
:135*ag:1*ac	0
:135*at*cg*ac	1
:135*ag*ca*ac	0
:135*ag*ca*ag	2
:135*at*ct*ac	0
:135*ag*cg*ac	0
:135*ac*ca*ac	0
:136*ct*ac	1
:136*ca*ag	2
:135*ac*ct*ag	2
:136*ct*ag	2
:136*ca*ac	2
:135*ac:1*ac	0
:135*ac*ca*ag	0
:135*ac*cg*ag	3
:136*cg*ac	0
:137*ac	1
:135*ag*ct*ag	1
:135*at*cg*ag	1
:135*at*ca*ac	0
:139*ac*tc	0
:138*gt*ag*tc	0
:140*tc	0
:140*tg	0
:138*gt*at*tc	0
:139*ag*tc	0
:138*gc:1*tc	0
:138*ga*at*tc	0
:138*ga:1*tg	0
:138*gc*at*tg	0
:138*ga*at*tg	1
:138*ga:1*tc	5
:138*gc*ac*tc	3
:138*gc:1*tg	0
:138*gc*ag*tg	1
:138*ga*ag*tc	0
:138*ga*ac*tc	0
:139*at*tg	0
:138*gt*ag*tg	0
:138*gt:1*tc	1
:142*tc*gc	0
:141*gt*tg*gc	0
:142*ta*gc	0
:142*ta	1
:141*gt:1*gc	0
:142*tg*gc	0
:141*gc*ta*gc	1
:141*ga:1*gc	1
:141*ga*ta	2
:141*gc	1
:141*ga	0
:141*ga*ta*gc	0
:141*gc*tc*gc	1
:141*gc*ta	0
:141*gc*tg	0
:141*ga*tg*gc	0
:141*ga*tc*gc	0
:141*gt*tg	0
:141*gt*ta*gc	1
:144*ag*ac*gc	1
:144*at*ag*gc	0
:144*ag:1*gc	5
:144*ag	2
:144*at*at*gc	1
:144*ag*ag*gc	0
:144*ac:1*gc	3
:145*at*gc	0
:144*ac*at	1
:145*at	0
:146*gc	0
:144*ac*ac*gc	1
:144*ac	1
:144*ac*ag	0
:145*ag*gc	1
:145*ac*gc	0
:144*ag*at	1
:144*at*ag	0
:144*at:1*gc	3
:148*ac	2
:147*gt*ag	1
:149*cg	0
:147*gt*at	1
:148*ag	1
:147*gc	1
:147*ga*at	1
:147*ga:1*cg	0
:147*gc*at*cg	0
:147*ga*at*cg	0
:147*ga	2
:147*gc*ac	0
:147*gc:1*cg	0
:147*gc*ag*cg	2
:147*ga*ag	2
:147*ga*ac	0
:148*at*cg	0
:147*gt*ag*cg	2
:147*gt	0
:150*gt*cg	5
:151*ca	2
:151*ca*cg	1
:150*gt*ct	2
:151*cg	5
:150*gc*ca	1
:150*ga*ct	0
:150*ga*ca*cg	1
:150*gc*ct*cg	0
:150*ga*ct*cg	2
:150*ga*ca	2
:150*gc	0
:150*gc*ca*cg	0
:150*gc*cg*cg	1
:150*ga*cg	2
:150*ga	3
:151*ct*cg	0
:150*gt*cg*cg	0
:150*gt*ca	1
:153*ag*ac*ac	1
:153*at*ag*ac	1
:153*ag:1*ac	2
:153*ag:1*ag	1
:153*at*at*ac	5
:153*ag*ag*ac	1
:153*ac:1*ac	0
:154*at*ac	0
:155*ag	0
:153*ac*at*ag	0
:154*at*ag	0
:155*ac	0
:153*ac*ac*ac	0
:153*ac:1*ag	0
:153*ac*ag*ag	3
:154*ag*ac	1
:154*ac*ac	0
:153*ag*at*ag	4
:153*at*ag*ag	1
:153*at:1*ac	0
:157*tc*gc	0
:156*gt*tg*gc	0
:157*ta*gc	0
:157*ta	1
:156*gt:1*gc	0
:157*tg*gc	1
:156*gc*ta*gc	2
:156*ga:1*gc	0
:156*ga*ta	1
:156*gc	0
:156*ga	1
:156*ga*ta*gc	1
:156*gc*tc*gc	1
:156*gc*ta	3
:156*gc*tg	0
:156*ga*tg*gc	1
:156*ga*tc*gc	0
:156*gt*tg	0
:156*gt*ta*gc	1
:159*ag*tc	2
:159*at*tg	1
:159*ag*ta	1
:159*ag*ta*cg	0
:159*at	0
:159*ag*tg	2
:159*ac*ta	3
:160*ta*cg	0
:159*ac:1*cg	0
:161*cg	0
:160*ta	1
:159*ac*tc	1
:159*ac*ta*cg	3
:159*ac*tg*cg	2
:160*tg	0
:160*tc	1
:159*ag:1*cg	2
:159*at*tg*cg	0
:159*at*ta	1
:162*ag*gc	3
:162*at	0
:162*ag*ga	0
:162*ag*ga*cg	1
:162*at*gt	0
:162*ag	1
:162*ac*ga	2
:163*gt	0
:163*ga*cg	0
:162*ac*gt*cg	0
:163*gt*cg	0
:163*ga	1
:162*ac*gc	1
:162*ac*ga*cg	0
:162*ac:1*cg	1
:163*gc	1
:162*ag*gt*cg	0
:162*at:1*cg	1
:162*at*ga	0
:166*tc*gc	1
:165*gt*tg*gc	0
:166*ta*gc	0
:166*ta	1
:165*gt:1*gc	1
:166*tg*gc	0
:165*gc*ta*gc	1
:165*ga:1*gc	1
:165*ga*ta	2
:165*gc	1
:165*ga	1
:165*ga*ta*gc	0
:165*gc*tc*gc	1
:165*gc*ta	1
:165*gc*tg	0
:165*ga*tg*gc	0
:165*ga*tc*gc	1
:165*gt*tg	0
:165*gt*ta*gc	0
:168*tg	0
:169*cg	1
:168*tg*ca	1
:168*tg*ca*cg	0
:169*ct	1
:168*tg*cg	0
:168*tc*ca	0
:168*ta*ct	0
:168*ta*ca*cg	1
:168*tc*ct*cg	1
:168*ta*ct*cg	0
:168*ta*ca	0
:168*tc	0
:168*tc*ca*cg	0
:168*tc*cg*cg	0
:168*ta*cg	1
:168*ta	0
:168*tg*ct*cg	0
:169*cg*cg	0
:169*ca	1
:171*ag	0
:171*at*cg	1
:171*ag*ca	1
:171*ag*ca*cg	1
:171*at*ct	1
:171*ag*cg	0
:171*ac*ca	0
:172*ct	0
:172*ca*cg	0
:171*ac*ct*cg	0
:172*ct*cg	0
:172*ca	1
:171*ac	1
:171*ac*ca*cg	2
:171*ac*cg*cg	0
:172*cg	0
:171*ag*ct*cg	0
:171*at*cg*cg	0
:171*at*ca	0
:175*gc	1
:174*gt	0
:175*ga	0
:175*ga*cg	2
:174*gt*gt	0
:174*gc*ga	1
:174*ga*gt	0
:174*ga*ga*cg	1
:174*gc*gt*cg	1
:174*ga*gt*cg	2
:174*ga*ga	0
:174*gc*gc	0
:174*gc*ga*cg	0
:174*gc:1*cg	0
:174*ga	0
:174*ga*gc	0
:175*gt*cg	1
:174*gt:1*cg	1
:174*gt*ga	0
:177*ag	3
:177*at*cg	0
:177*ag*ca	0
:177*ag*ca*cg	0
:177*at*ct	0
:177*ag*cg	0
:177*ac*ca	3
:178*ct	1
:178*ca*cg	0
:177*ac*ct*cg	2
:178*ct*cg	1
:178*ca	1
:177*ac	0
:177*ac*ca*cg	1
:177*ac*cg*cg	1
:178*cg	1
:177*ag*ct*cg	0
:177*at*cg*cg	0
:177*at*ca	2
:180*ag*ac*gc	0
:180*at*ag*gc	0
:180*ag:1*gc	0
:180*ag	0
:180*at*at*gc	3
:180*ag*ag*gc	3
:180*ac:1*gc	2
:181*at*gc	0
:180*ac*at	2
:181*at	1
:182*gc	2
:180*ac*ac*gc	3
:180*ac	1
:180*ac*ag	2
:181*ag*gc	0
:181*ac*gc	0
:180*ag*at	0
:180*at*ag	2
:180*at:1*gc	2
:183*tg*gc	0
:183*tg*ga	0
:183*tg*ga*cg	0
:184*gt	0
:183*tg	0
:183*tc*ga	0
:183*ta*gt	0
:183*ta*ga*cg	0
:183*tc*gt*cg	2
:183*ta*gt*cg	1
:183*ta*ga	0
:183*tc*gc	0
:183*tc*ga*cg	0
:183*tc:1*cg	1
:183*ta	1
:183*ta*gc	1
:183*tg*gt*cg	0
:185*cg	0
:184*ga	0
:186*ag*tc	2
:186*at*tg	3
:186*ag*ta	0
:186*ag*ta*cg	1
:186*at	0
:186*ag*tg	1
:186*ac*ta	2
:187*ta*cg	1
:186*ac:1*cg	1
:188*cg	0
:187*ta	1
:186*ac*tc	1
:186*ac*ta*cg	0
:186*ac*tg*cg	1
:187*tg	0
:187*tc	0
:186*ag:1*cg	0
:186*at*tg*cg	1
:186*at*ta	0
:189*ag*ac	2
:189*at*ag	0
:189*ag	2
:189*ag:1*cg	1
:189*at*at	1
:189*ag*ag	1
:189*ac	0
:190*at	4
:191*cg	2
:189*ac*at*cg	3
:190*at*cg	0
:189*ac*ac	0
:189*ac:1*cg	0
:189*ac*ag*cg	2
:190*ag	1
:190*ac	0
:189*ag*at*cg	0
:189*at*ag*cg	2
:189*at	0
:193*gc	0
:192*gt	0
:193*ga	2
:193*ga*cg	0
:192*gt*gt	0
:192*gc*ga	0
:192*ga*gt	0
:192*ga*ga*cg	0
:192*gc*gt*cg	1
:192*ga*gt*cg	0
:192*ga*ga	0
:192*gc*gc	0
:192*gc*ga*cg	0
:192*gc:1*cg	1
:192*ga	1
:192*ga*gc	0
:193*gt*cg	0
:192*gt:1*cg	1
:192*gt*ga	1
:196*ac*gc	0
:195*gt*ag*gc	3
:197*gc	0
:195*gt*at*gc	0
:196*ag*gc	0
:195*gc:1*gc	1
:195*ga*at*gc	0
:195*ga	1
:195*gc*at	0
:195*ga*at	0
:195*ga:1*gc	1
:195*gc*ac*gc	0
:195*gc	0
:195*gc*ag	0
:195*ga*ag*gc	1
:195*ga*ac*gc	0
:196*at	1
:195*gt*ag	0
:195*gt:1*gc	0
:198*tg*ac	0
:199*ag	1
:198*tg	1
:198*tg:1*cg	0
:199*at	0
:198*tg*ag	0
:198*tc	1
:198*ta*at	0
:198*ta:1*cg	3
:198*tc*at*cg	0
:198*ta*at*cg	2
:198*ta	0
:198*tc*ac	0
:198*tc:1*cg	1
:198*tc*ag*cg	0
:198*ta*ag	0
:198*ta*ac	0
:198*tg*at*cg	1
:199*ag*cg	1
:201*ag*tc*gc	0
:201*at*tg*gc	1
:201*ag*ta*gc	2
:201*ag*ta	1
:201*at:1*gc	0
:201*ag*tg*gc	0
:201*ac*ta*gc	0
:203*gc	0
:202*ta	0
:201*ac	0
:202*ta*gc	0
:201*ac*tc*gc	0
:201*ac*ta	0
:201*ac*tg	1
:202*tg*gc	1
:202*tc*gc	1
:201*ag	1
:201*at*tg	0
:201*at*ta*gc	0
:204*ag*gc	1
:204*at	0
:204*ag*ga	0
:204*ag*ga*cg	1
:204*at*gt	1
:204*ag	6
:204*ac*ga	1
:205*gt	2
:205*ga*cg	2
:204*ac*gt*cg	0
:205*gt*cg	3
:205*ga	3
:204*ac*gc	1
:204*ac*ga*cg	1
:204*ac:1*cg	0
:205*gc	0
:204*ag*gt*cg	0
:204*at:1*cg	0
:204*at*ga	1
:208*ac	2
:207*gt*ag	0
:209*cg	0
:207*gt*at	1
:208*ag	1
:207*gc	2
:207*ga*at	1
:207*ga:1*cg	0
:207*gc*at*cg	1
:207*ga*at*cg	1
:207*ga	0
:207*gc*ac	0
:207*gc:1*cg	1
:207*gc*ag*cg	0
:207*ga*ag	1
:207*ga*ac	1
:208*at*cg	0
:207*gt*ag*cg	0
:207*gt	0
:210*ag*gc*ac	0
:210*at:1*ac	1
:210*ag*ga*ac	1
:210*ag*ga*ag	3
:210*at*gt*ac	2
:210*ag:1*ac	3
:210*ac*ga*ac	0
:211*gt*ac	2
:211*ga*ag	2
:210*ac*gt*ag	2
:211*gt*ag	4
:211*ga*ac	0
:210*ac*gc*ac	0
:210*ac*ga*ag	0
:210*ac:1*ag	0
:212*ac	3
:211*gc*ac	5
:210*ag*gt*ag	2
:210*at:1*ag	4
:210*at*ga*ac	3
:214*gc*ac	0
:213*gt:1*ac	1
:214*ga*ac	1
:214*ga*ag	0
:213*gt*gt*ac	1
:215*ac	0
:213*gc*ga*ac	0
:213*ga*gt*ac	1
:213*ga*ga*ag	2
:213*gc*gt*ag	0
:213*ga*gt*ag	2
:213*ga*ga*ac	1
:213*gc*gc*ac	2
:213*gc*ga*ag	0
:213*gc:1*ag	0
:213*ga:1*ac	5
:213*ga*gc*ac	1
:214*gt*ag	1
:213*gt:1*ag	3
:213*gt*ga*ac	2
:216*cg*tc*gc	0
:216*ct*tg*gc	3
:216*cg*ta*gc	0
:216*cg*ta	0
:216*ct:1*gc	0
:216*cg*tg*gc	0
:217*ta*gc	0
:216*ca:1*gc	0
:216*ca*ta	0
:216*ca	1
:216*ca*ta*gc	0
:217*tc*gc	2
:217*ta	1
:217*tg	1
:216*ca*tg*gc	2
:216*ca*tc*gc	0
:216*cg	1
:216*ct*tg	0
:216*ct*ta*gc	1
:219*gt*cg	0
:220*ca	1
:220*ca*cg	1
:219*gt*ct	0
:220*cg	0
:219*gc*ca	4
:219*ga*ct	0
:219*ga*ca*cg	0
:219*gc*ct*cg	0
:219*ga*ct*cg	2
:219*ga*ca	1
:219*gc	5
:219*gc*ca*cg	2
:219*gc*cg*cg	4
:219*ga*cg	2
:219*ga	1
:220*ct*cg	2
:219*gt*cg*cg	0
:219*gt*ca	1
:222*cg*tc*gc	0
:222*ct*tg*gc	2
:222*cg*ta*gc	5
:222*cg*ta	1
:222*ct:1*gc	5
:222*cg*tg*gc	3
:223*ta*gc	0
:222*ca:1*gc	0
:222*ca*ta	2
:222*ca	0
:222*ca*ta*gc	1
:223*tc*gc	2
:223*ta	1
:223*tg	1
:222*ca*tg*gc	1
:222*ca*tc*gc	1
:222*cg	1
:222*ct*tg	1
:222*ct*ta*gc	0
:225*ag*ac	2
:225*at*ag	0
:225*ag	2
:225*ag:1*cg	2
:225*at*at	1
:225*ag*ag	1
:225*ac	0
:226*at	3
:227*cg	3
:225*ac*at*cg	1
:226*at*cg	0
:225*ac*ac	0
:225*ac:1*cg	0
:225*ac*ag*cg	4
:226*ag	0
:226*ac	1
:225*ag*at*cg	1
:225*at*ag*cg	0
:225*at	2
:229*ac*tc	4
:228*gt*ag*tc	1
:230*tc	2
:230*tg	1
:228*gt*at*tc	2
:229*ag*tc	0
:228*gc:1*tc	0
:228*ga*at*tc	0
:228*ga:1*tg	0
:228*gc*at*tg	1
:228*ga*at*tg	2
:228*ga:1*tc	1
:228*gc*ac*tc	0
:228*gc:1*tg	1
:228*gc*ag*tg	2
:228*ga*ag*tc	2
:228*ga*ac*tc	0
:229*at*tg	9
:228*gt*ag*tg	1
:228*gt:1*tc	0
:231*tg*gc	1
:231*tg*ga	1
:231*tg*ga*cg	0
:232*gt	0
:231*tg	1
:231*tc*ga	0
:231*ta*gt	1
:231*ta*ga*cg	0
:231*tc*gt*cg	1
:231*ta*gt*cg	0
:231*ta*ga	1
:231*tc*gc	0
:231*tc*ga*cg	4
:231*tc:1*cg	0
:231*ta	1
:231*ta*gc	2
:231*tg*gt*cg	0
:233*cg	0
:232*ga	1
:234*cg*ac	0
:234*ct*ag	0
:234*cg	4
:234*cg:1*cg	4
:234*ct*at	0
:234*cg*ag	1
:234*ca*at	0
:234*ca:1*cg	1
:235*at*cg	0
:234*ca*at*cg	0
:234*ca	0
:235*ac	4
:236*cg	3
:235*ag*cg	2
:234*ca*ag	4
:234*ca*ac	1
:234*cg*at*cg	0
:234*ct*ag*cg	1
:234*ct	0
:237*gt*cg	1
:238*ca	1
:238*ca*cg	2
:237*gt*ct	1
:238*cg	1
:237*gc*ca	1
:237*ga*ct	0
:237*ga*ca*cg	2
:237*gc*ct*cg	2
:237*ga*ct*cg	0
:237*ga*ca	2
:237*gc	0
:237*gc*ca*cg	1
:237*gc*cg*cg	0
:237*ga*cg	0
:237*ga	0
:238*ct*cg	0
:237*gt*cg*cg	1
:237*gt*ca	1
:241*ac*gc	1
:240*gt*ag*gc	0
:242*gc	0
:240*gt*at*gc	2
:241*ag*gc	3
:240*gc:1*gc	1
:240*ga*at*gc	1
:240*ga	3
:240*gc*at	3
:240*ga*at	2
:240*ga:1*gc	1
:240*gc*ac*gc	1
:240*gc	0
:240*gc*ag	0
:240*ga*ag*gc	0
:240*ga*ac*gc	0
:241*at	4
:240*gt*ag	0
:240*gt:1*gc	1
:243*ag*tc	1
:243*at*tg	0
:243*ag*ta	0
:243*ag*ta*cg	1
:243*at	8
:243*ag*tg	0
:243*ac*ta	0
:244*ta*cg	0
:243*ac:1*cg	2
:245*cg	0
:244*ta	2
:243*ac*tc	1
:243*ac*ta*cg	0
:243*ac*tg*cg	1
:244*tg	0
:244*tc	3
:243*ag:1*cg	4
:243*at*tg*cg	1
:243*at*ta	1
:246*ag*tc	6
:246*at*tg	1
:246*ag*ta	1
:246*ag*ta*cg	0
:246*at	3
:246*ag*tg	1
:246*ac*ta	0
:247*ta*cg	4
:246*ac:1*cg	1
:248*cg	2
:247*ta	0
:246*ac*tc	0
:246*ac*ta*cg	1
:246*ac*tg*cg	5
:247*tg	0
:247*tc	1
:246*ag:1*cg	1
:246*at*tg*cg	3
:246*at*ta	2
:249*ag*gc	0
:249*at	2
:249*ag*ga	2
:249*ag*ga*cg	2
:249*at*gt	2
:249*ag	1
:249*ac*ga	2
:250*gt	0
:250*ga*cg	1
:249*ac*gt*cg	2
:250*gt*cg	1
:250*ga	1
:249*ac*gc	2
:249*ac*ga*cg	3
:249*ac:1*cg	4
:250*gc	2
:249*ag*gt*cg	0
:249*at:1*cg	1
:249*at*ga	3
:252*ag*gc*ac	0
:252*at:1*ac	0
:252*ag*ga*ac	2
:252*ag*ga*ag	6
:252*at*gt*ac	0
:252*ag:1*ac	1
:252*ac*ga*ac	1
:253*gt*ac	0
:253*ga*ag	0
:252*ac*gt*ag	2
:253*gt*ag	0
:253*ga*ac	1
:252*ac*gc*ac	1
:252*ac*ga*ag	1
:252*ac:1*ag	1
:254*ac	2
:253*gc*ac	0
:252*ag*gt*ag	0
:252*at:1*ag	1
:252*at*ga*ac	0
:255*ag*gc*ac	2
:255*at:1*ac	3
:255*ag*ga*ac	0
:255*ag*ga*ag	3
:255*at*gt*ac	1
:255*ag:1*ac	3
:255*ac*ga*ac	1
:256*gt*ac	0
:256*ga*ag	1
:255*ac*gt*ag	0
:256*gt*ag	1
:256*ga*ac	0
:255*ac*gc*ac	1
:255*ac*ga*ag	1
:255*ac:1*ag	3
:257*ac	1
:256*gc*ac	3
:255*ag*gt*ag	0
:255*at:1*ag	1
:255*at*ga*ac	1
:258*ag*gc	2
:258*at	1
:258*ag*ga	1
:258*ag*ga*cg	0
:258*at*gt	1
:258*ag	3
:258*ac*ga	2
:259*gt	0
:259*ga*cg	3
:258*ac*gt*cg	2
:259*gt*cg	0
:259*ga	0
:258*ac*gc	0
:258*ac*ga*cg	1
:258*ac:1*cg	0
:259*gc	0
:258*ag*gt*cg	0
:258*at:1*cg	0
:258*at*ga	3
:261*cg*tc*gc	0
:261*ct*tg*gc	1
:261*cg*ta*gc	2
:261*cg*ta	1
:261*ct:1*gc	1
:261*cg*tg*gc	1
:262*ta*gc	0
:261*ca:1*gc	0
:261*ca*ta	3
:261*ca	1
:261*ca*ta*gc	0
:262*tc*gc	0
:262*ta	0
:262*tg	2
:261*ca*tg*gc	0
:261*ca*tc*gc	0
:261*cg	1
:261*ct*tg	0
:261*ct*ta*gc	0
:264*cg*tc*gc	0
:264*ct*tg*gc	0
:264*cg*ta*gc	2
:264*cg*ta	0
:264*ct:1*gc	1
:264*cg*tg*gc	0
:265*ta*gc	5
:264*ca:1*gc	0
:264*ca*ta	0
:264*ca	0
:264*ca*ta*gc	1
:265*tc*gc	0
:265*ta	6
:265*tg	2
:264*ca*tg*gc	3
:264*ca*tc*gc	2
:264*cg	3
:264*ct*tg	2
:264*ct*ta*gc	3
:267*cg*gc*gc	1
:267*ct:1*gc	3
:267*cg*ga*gc	0
:267*cg*ga	0
:267*ct*gt*gc	1
:267*cg:1*gc	0
:268*ga*gc	2
:267*ca*gt*gc	1
:267*ca*ga	0
:268*gt	3
:267*ca*gt	1
:267*ca*ga*gc	2
:268*gc*gc	0
:268*ga	0
:267*ca:1*gc	1
:267*ca*gc*gc	0
:267*cg*gt	1
:267*ct	1
:267*ct*ga*gc	0
:270*tg*tc	2
:271*tg	3
:270*tg*ta	0
:270*tg*ta*cg	2
:270*tg*tg	2
:270*tc*ta	1
:270*ta	2
:270*ta*ta*cg	4
:270*tc:1*cg	0
:270*ta:1*cg	0
:270*ta*ta	1
:270*tc*tc	3
:270*tc*ta*cg	0
:270*tc*tg*cg	0
:270*ta*tg	1
:270*ta*tc	1
:270*tg:1*cg	1
:271*tg*cg	0
:271*ta	1
:273*cg*tc*ac	0
:273*ct*tg*ac	3
:273*cg*ta*ac	0
:273*cg*ta*ag	0
:273*ct:1*ac	0
:273*cg*tg*ac	0
:274*ta*ac	1
:273*ca:1*ac	4
:273*ca*ta*ag	3
:275*ag	4
:273*ca:1*ag	3
:273*ca*ta*ac	1
:274*tc*ac	1
:274*ta*ag	1
:274*tg*ag	1
:273*ca*tg*ac	0
:273*ca*tc*ac	1
:273*cg:1*ag	2
:273*ct*tg*ag	3
:273*ct*ta*ac	2
:276*tg*ac	1
:277*ag	2
:276*tg	0
:276*tg:1*cg	0
:277*at	4
:276*tg*ag	0
:276*tc	0
:276*ta*at	2
:276*ta:1*cg	2
:276*tc*at*cg	3
:276*ta*at*cg	1
:276*ta	0
:276*tc*ac	0
:276*tc:1*cg	1
:276*tc*ag*cg	0
:276*ta*ag	0
:276*ta*ac	1
:276*tg*at*cg	0
:277*ag*cg	3
:279*ag	3
:279*at*cg	0
:279*ag*ca	3
:279*ag*ca*cg	1
:279*at*ct	3
:279*ag*cg	0
:279*ac*ca	0
:280*ct	6
:280*ca*cg	2
:279*ac*ct*cg	0
:280*ct*cg	0
:280*ca	3
:279*ac	1
:279*ac*ca*cg	0
:279*ac*cg*cg	0
:280*cg	1
:279*ag*ct*cg	6
:279*at*cg*cg	4
:279*at*ca	3
:282*cg*ac*gc	0
:282*ct*ag*gc	2
:282*cg:1*gc	1
:282*cg	5
:282*ct*at*gc	1
:282*cg*ag*gc	0
:284*gc	0
:282*ca*at*gc	0
:282*ca	3
:283*at	1
:282*ca*at	1
:282*ca:1*gc	0
:283*ac*gc	0
:283*ag	1
:282*ca*ag*gc	3
:282*ca*ac*gc	0
:282*cg*at	1
:282*ct*ag	1
:282*ct:1*gc	2
:285*cg*tc*gc	0
:285*ct*tg*gc	0
:285*cg*ta*gc	1
:285*cg*ta	0
:285*ct:1*gc	0
:285*cg*tg*gc	0
:286*ta*gc	2
:285*ca:1*gc	1
:285*ca*ta	2
:285*ca	3
:285*ca*ta*gc	2
:286*tc*gc	1
:286*ta	4
:286*tg	0
:285*ca*tg*gc	4
:285*ca*tc*gc	1
:285*cg	0
:285*ct*tg	1
:285*ct*ta*gc	3
:289*ac*ac	4
:288*gt*ag*ac	3
:290*ac	2
:290*ag	1
:288*gt*at*ac	1
:289*ag*ac	0
:288*gc:1*ac	0
:288*ga*at*ac	1
:288*ga:1*ag	0
:288*gc*at*ag	0
:288*ga*at*ag	2
:288*ga:1*ac	0
:288*gc*ac*ac	0
:288*gc:1*ag	1
:288*gc*ag*ag	2
:288*ga*ag*ac	1
:288*ga*ac*ac	1
:289*at*ag	1
:288*gt*ag*ag	1
:288*gt:1*ac	0
:291*cg*tc*gc	1
:291*ct*tg*gc	0
:291*cg*ta*gc	3
:291*cg*ta	1
:291*ct:1*gc	1
:291*cg*tg*gc	2
:292*ta*gc	3
:291*ca:1*gc	1
:291*ca*ta	0
:291*ca	1
:291*ca*ta*gc	2
:292*tc*gc	2
:292*ta	1
:292*tg	0
:291*ca*tg*gc	6
:291*ca*tc*gc	0
:291*cg	0
:291*ct*tg	1
:291*ct*ta*gc	0
:294*tg*ac	1
:295*ag	0
:294*tg	1
:294*tg:1*cg	0
:295*at	0
:294*tg*ag	0
:294*tc	1
:294*ta*at	0
:294*ta:1*cg	3
:294*tc*at*cg	3
:294*ta*at*cg	1
:294*ta	0
:294*tc*ac	3
:294*tc:1*cg	0
:294*tc*ag*cg	2
:294*ta*ag	0
:294*ta*ac	0
:294*tg*at*cg	1
:295*ag*cg	1
:297*cg*tc*gc	1
:297*ct*tg*gc	4
:297*cg*ta*gc	0
:297*cg*ta	1
:297*ct:1*gc	0
:297*cg*tg*gc	2
:298*ta*gc	1
:297*ca:1*gc	0
:297*ca*ta	0
:297*ca	2
:297*ca*ta*gc	0
:298*tc*gc	1
:298*ta	2
:298*tg	0
:297*ca*tg*gc	0
:297*ca*tc*gc	0
:297*cg	1
:297*ct*tg	3
:297*ct*ta*gc	4
:300*ag*ac	1
:300*at*ag	2
:300*ag	2
:300*ag:1*cg	3
:300*at*at	2
:300*ag*ag	1
:300*ac	0
:301*at	4
:302*cg	0
:300*ac*at*cg	1
:301*at*cg	1
:300*ac*ac	1
:300*ac:1*cg	0
:300*ac*ag*cg	0
:301*ag	2
:301*ac	0
:300*ag*at*cg	0
:300*at*ag*cg	4
:300*at	1
:303*ag*ac	0
:303*at*ag	2
:303*ag	0
:303*ag:1*cg	0
:303*at*at	2
:303*ag*ag	1
:303*ac	2
:304*at	2
:305*cg	1
:303*ac*at*cg	2
:304*at*cg	3
:303*ac*ac	0
:303*ac:1*cg	1
:303*ac*ag*cg	1
:304*ag	3
:304*ac	1
:303*ag*at*cg	2
:303*at*ag*cg	3
:303*at	1
:306*ag*ac*gc	1
:306*at*ag*gc	0
:306*ag:1*gc	7
:306*ag	3
:306*at*at*gc	2
:306*ag*ag*gc	2
:306*ac:1*gc	1
:307*at*gc	5
:306*ac*at	3
:307*at	1
:308*gc	1
:306*ac*ac*gc	0
:306*ac	2
:306*ac*ag	3
:307*ag*gc	3
:307*ac*gc	1
:306*ag*at	0
:306*at*ag	0
:306*at:1*gc	1
:310*ac	0
:309*gt*ag	1
:311*cg	2
:309*gt*at	2
:310*ag	0
:309*gc	3
:309*ga*at	1
:309*ga:1*cg	0
:309*gc*at*cg	1
:309*ga*at*cg	0
:309*ga	0
:309*gc*ac	1
:309*gc:1*cg	3
:309*gc*ag*cg	1
:309*ga*ag	0
:309*ga*ac	1
:310*at*cg	0
:309*gt*ag*cg	1
:309*gt	1
:313*ac	0
:312*gt*ag	1
:314*cg	3
:312*gt*at	0
:313*ag	0
:312*gc	0
:312*ga*at	3
:312*ga:1*cg	0
:312*gc*at*cg	1
:312*ga*at*cg	1
:312*ga	3
:312*gc*ac	0
:312*gc:1*cg	0
:312*gc*ag*cg	2
:312*ga*ag	1
:312*ga*ac	2
:313*at*cg	3
:312*gt*ag*cg	1
:312*gt	1
:315*cg*ac*gc	5
:315*ct*ag*gc	0
:315*cg:1*gc	2
:315*cg	0
:315*ct*at*gc	0
:315*cg*ag*gc	1
:317*gc	1
:315*ca*at*gc	2
:315*ca	2
:316*at	2
:315*ca*at	3
:315*ca:1*gc	0
:316*ac*gc	1
:316*ag	1
:315*ca*ag*gc	0
:315*ca*ac*gc	0
:315*cg*at	3
:315*ct*ag	1
:315*ct:1*gc	0
:318*ag*ac*gc	2
:318*at*ag*gc	2
:318*ag:1*gc	3
:318*ag	1
:318*at*at*gc	1
:318*ag*ag*gc	0
:318*ac:1*gc	0
:319*at*gc	1
:318*ac*at	0
:319*at	1
:320*gc	2
:318*ac*ac*gc	0
:318*ac	0
:318*ac*ag	2
:319*ag*gc	1
:319*ac*gc	1
:318*ag*at	2
:318*at*ag	2
:318*at:1*gc	1
:321*cg*gc*gc	1
:321*ct:1*gc	3
:321*cg*ga*gc	0
:321*cg*ga	0
:321*ct*gt*gc	0
:321*cg:1*gc	0
:322*ga*gc	0
:321*ca*gt*gc	5
:321*ca*ga	0
:322*gt	1
:321*ca*gt	0
:321*ca*ga*gc	0
:322*gc*gc	0
:322*ga	1
:321*ca:1*gc	0
:321*ca*gc*gc	0
:321*cg*gt	0
:321*ct	0
:321*ct*ga*gc	1
:324*tg	1
:325*cg	0
:324*tg*ca	1
:324*tg*ca*cg	2
:325*ct	0
:324*tg*cg	0
:324*tc*ca	0
:324*ta*ct	0
:324*ta*ca*cg	0
:324*tc*ct*cg	0
:324*ta*ct*cg	0
:324*ta*ca	0
:324*tc	1
:324*tc*ca*cg	1
:324*tc*cg*cg	1
:324*ta*cg	0
:324*ta	0
:324*tg*ct*cg	1
:325*cg*cg	1
:325*ca	0
:327*ag*tc	0
:327*at*tg	0
:327*ag*ta	1
:327*ag*ta*cg	0
:327*at	0
:327*ag*tg	3
:327*ac*ta	0
:328*ta*cg	1
:327*ac:1*cg	2
:329*cg	0
:328*ta	1
:327*ac*tc	2
:327*ac*ta*cg	1
:327*ac*tg*cg	2
:328*tg	1
:328*tc	2
:327*ag:1*cg	0
:327*at*tg*cg	2
:327*at*ta	0
:330*tg*tc	0
:331*tg	0
:330*tg*ta	0
:330*tg*ta*cg	0
:330*tg*tg	1
:330*tc*ta	2
:330*ta	0
:330*ta*ta*cg	0
:330*tc:1*cg	3
:330*ta:1*cg	0
:330*ta*ta	0
:330*tc*tc	0
:330*tc*ta*cg	0
:330*tc*tg*cg	0
:330*ta*tg	1
:330*ta*tc	1
:330*tg:1*cg	1
:331*tg*cg	0
:331*ta	2
:333*cg*ac*gc	1
:333*ct*ag*gc	1
:333*cg:1*gc	3
:333*cg	0
:333*ct*at*gc	1
:333*cg*ag*gc	1
:335*gc	0
:333*ca*at*gc	0
:333*ca	2
:334*at	1
:333*ca*at	1
:333*ca:1*gc	1
:334*ac*gc	2
:334*ag	1
:333*ca*ag*gc	0
:333*ca*ac*gc	1
:333*cg*at	0
:333*ct*ag	1
:333*ct:1*gc	0
:336*ag*ac*gc	0
:336*at*ag*gc	0
:336*ag:1*gc	0
:336*ag	0
:336*at*at*gc	0
:336*ag*ag*gc	0
:336*ac:1*gc	0
:337*at*gc	0
:336*ac*at	0
:337*at	0
:338*gc	0
:336*ac*ac*gc	0
:336*ac	1
:336*ac*ag	0
:337*ag*gc	0
:337*ac*gc	0
:336*ag*at	0
:336*at*ag	0
:336*at:1*gc	0
:339*tg:1*tc	0
:340*cg*tc	0
:339*tg*ca*tc	0
:339*tg*ca*tg	0
:340*ct*tc	0
:339*tg*cg*tc	0
:339*tc*ca*tc	0
:339*ta*ct*tc	0
:339*ta*ca*tg	0
:339*tc*ct*tg	0
:339*ta*ct*tg	0
:339*ta*ca*tc	0
:339*tc:1*tc	0
:339*tc*ca*tg	0
:339*tc*cg*tg	0
:339*ta*cg*tc	0
:339*ta:1*tc	0
:339*tg*ct*tg	0
:340*cg*tg	0
:340*ca*tc	0
:343*ac*gc	0
:342*gt*ag*gc	0
:344*gc	0
:342*gt*at*gc	0
:343*ag*gc	0
:342*gc:1*gc	0
:342*ga*at*gc	0
:342*ga	0
:342*gc*at	0
:342*ga*at	0
:342*ga:1*gc	0
:342*gc*ac*gc	0
:342*gc	0
:342*gc*ag	0
:342*ga*ag*gc	0
:342*ga*ac*gc	0
:343*at	0
:342*gt*ag	0
:342*gt:1*gc	0
:345*ag*gc*ac	0
:345*at:1*ac	0
:345*ag*ga*ac	0
:345*ag*ga*ag	0
:345*at*gt*ac	0
:345*ag:1*ac	0
:345*ac*ga*ac	0
:346*gt*ac	0
:346*ga*ag	0
:345*ac*gt*ag	0
:346*gt*ag	0
:346*ga*ac	0
:345*ac*gc*ac	0
:345*ac*ga*ag	0
:345*ac:1*ag	0
:347*ac	0
:346*gc*ac	0
:345*ag*gt*ag	0
:345*at:1*ag	0
:345*at*ga*ac	0
:349*gc	0
:348*gt	0
:349*ga	0
:349*ga*cg	0
:348*gt*gt	0
:348*gc*ga	0
:348*ga*gt	0
:348*ga*ga*cg	0
:348*gc*gt*cg	0
:348*ga*gt*cg	0
:348*ga*ga	0
:348*gc*gc	0
:348*gc*ga*cg	0
:348*gc:1*cg	0
:348*ga	0
:348*ga*gc	0
:349*gt*cg	0
:348*gt:1*cg	0
:348*gt*ga	0
:352*gc	0
:351*gt	0
:352*ga	1
:352*ga*cg	0
:351*gt*gt	0
:351*gc*ga	0
:351*ga*gt	0
:351*ga*ga*cg	0
:351*gc*gt*cg	0
:351*ga*gt*cg	0
:351*ga*ga	0
:351*gc*gc	0
:351*gc*ga*cg	0
:351*gc:1*cg	0
:351*ga	0
:351*ga*gc	0
:352*gt*cg	0
:351*gt:1*cg	0
:351*gt*ga	0
:354*tg*tc	0
:355*tg	0
:354*tg*ta	0
:354*tg*ta*cg	0
:354*tg*tg	0
:354*tc*ta	0
:354*ta	0
:354*ta*ta*cg	0
:354*tc:1*cg	0
:354*ta:1*cg	0
:354*ta*ta	0
:354*tc*tc	0
:354*tc*ta*cg	0
:354*tc*tg*cg	0
:354*ta*tg	0
:354*ta*tc	0
:354*tg:1*cg	0
:355*tg*cg	0
:355*ta	0
:357*cg*gc*gc	0
:357*ct:1*gc	0
:357*cg*ga*gc	0
:357*cg*ga	0
:357*ct*gt*gc	0
:357*cg:1*gc	0
:358*ga*gc	0
:357*ca*gt*gc	0
:357*ca*ga	0
:358*gt	0
:357*ca*gt	0
:357*ca*ga*gc	0
:358*gc*gc	0
:358*ga	1
:357*ca:1*gc	0
:357*ca*gc*gc	0
:357*cg*gt	0
:357*ct	0
:357*ct*ga*gc	0
:360*cg*tc*gc	0
:360*ct*tg*gc	0
:360*cg*ta*gc	0
:360*cg*ta	0
:360*ct:1*gc	0
:360*cg*tg*gc	0
:361*ta*gc	0
:360*ca:1*gc	0
:360*ca*ta	0
:360*ca	0
:360*ca*ta*gc	0
:361*tc*gc	0
:361*ta	0
:361*tg	0
:360*ca*tg*gc	0
:360*ca*tc*gc	0
:360*cg	0
:360*ct*tg	0
:360*ct*ta*gc	0
:363*ag*ac*ac	0
:363*at*ag*ac	0
:363*ag:1*ac	0
:363*ag:1*ag	0
:363*at*at*ac	0
:363*ag*ag*ac	0
:363*ac:1*ac	0
:364*at*ac	0
:365*ag	0
:363*ac*at*ag	0
:364*at*ag	0
:365*ac	0
:363*ac*ac*ac	0
:363*ac:1*ag	0
:363*ac*ag*ag	0
:364*ag*ac	0
:364*ac*ac	0
:363*ag*at*ag	0
:363*at*ag*ag	0
:363*at:1*ac	0
:367*ac*ac	0
:366*gt*ag*ac	0
:368*ac	0
:368*ag	0
:366*gt*at*ac	0
:367*ag*ac	0
:366*gc:1*ac	0
:366*ga*at*ac	0
:366*ga:1*ag	0
:366*gc*at*ag	0
:366*ga*at*ag	0
:366*ga:1*ac	0
:366*gc*ac*ac	0
:366*gc:1*ag	0
:366*gc*ag*ag	0
:366*ga*ag*ac	0
:366*ga*ac*ac	0
:367*at*ag	0
:366*gt*ag*ag	0
:366*gt:1*ac	0
:369*ag*ac*tc	0
:369*at*ag*tc	0
:369*ag:1*tc	0
:369*ag:1*tg	0
:369*at*at*tc	0
:369*ag*ag*tc	0
:369*ac:1*tc	0
:370*at*tc	0
:371*tg	0
:369*ac*at*tg	0
:370*at*tg	0
:371*tc	0
:369*ac*ac*tc	0
:369*ac:1*tg	0
:369*ac*ag*tg	0
:370*ag*tc	0
:370*ac*tc	0
:369*ag*at*tg	0
:369*at*ag*tg	0
:369*at:1*tc	0
:373*tc*gc	0
:372*gt*tg*gc	0
:373*ta*gc	0
:373*ta	0
:372*gt:1*gc	0
:373*tg*gc	0
:372*gc*ta*gc	0
:372*ga:1*gc	0
:372*ga*ta	0
:372*gc	0
:372*ga	0
:372*ga*ta*gc	0
:372*gc*tc*gc	0
:372*gc*ta	0
:372*gc*tg	0
:372*ga*tg*gc	0
:372*ga*tc*gc	0
:372*gt*tg	0
:372*gt*ta*gc	0
:375*cg*ac*gc	0
:375*ct*ag*gc	0
:375*cg:1*gc	0
:375*cg	0
:375*ct*at*gc	0
:375*cg*ag*gc	0
:377*gc	0
:375*ca*at*gc	0
:375*ca	0
:376*at	0
:375*ca*at	0
:375*ca:1*gc	0
:376*ac*gc	0
:376*ag	0
:375*ca*ag*gc	0
:375*ca*ac*gc	0
:375*cg*at	0
:375*ct*ag	0
:375*ct:1*gc	0
:378*tg*tc*tc	0
:379*tg*tc	0
:378*tg*ta*tc	0
:378*tg*ta*tg	0
:380*tc	0
:378*tg*tg*tc	0
:378*tc*ta*tc	0
:378*ta:1*tc	0
:378*ta*ta*tg	0
:378*tc:1*tg	0
:378*ta:1*tg	0
:378*ta*ta*tc	0
:378*tc*tc*tc	0
:378*tc*ta*tg	0
:378*tc*tg*tg	0
:378*ta*tg*tc	0
:378*ta*tc*tc	0
:378*tg:1*tg	0
:379*tg*tg	0
:379*ta*tc	0
:381*cg*ac	0
:381*ct*ag	0
:381*cg	0
:381*cg:1*cg	0
:381*ct*at	0
:381*cg*ag	0
:381*ca*at	0
:381*ca:1*cg	0
:382*at*cg	0
:381*ca*at*cg	0
:381*ca	0
:382*ac	0
:383*cg	0
:382*ag*cg	0
:381*ca*ag	0
:381*ca*ac	0
:381*cg*at*cg	0
:381*ct*ag*cg	0
:381*ct	0
:384*cg*tc*ac	0
:384*ct*tg*ac	0
:384*cg*ta*ac	0
:384*cg*ta*ag	0
:384*ct:1*ac	0
:384*cg*tg*ac	0
:385*ta*ac	0
:384*ca:1*ac	0
:384*ca*ta*ag	0
:386*ag	0
:384*ca:1*ag	0
:384*ca*ta*ac	0
:385*tc*ac	0
:385*ta*ag	0
:385*tg*ag	0
:384*ca*tg*ac	0
:384*ca*tc*ac	0
:384*cg:1*ag	0
:384*ct*tg*ag	0
:384*ct*ta*ac	0
:387*tg*ac	0
:388*ag	0
:387*tg	0
:387*tg:1*cg	0
:388*at	0
:387*tg*ag	0
:387*tc	0
:387*ta*at	0
:387*ta:1*cg	0
:387*tc*at*cg	0
:387*ta*at*cg	0
:387*ta	0
:387*tc*ac	0
:387*tc:1*cg	0
:387*tc*ag*cg	0
:387*ta*ag	0
:387*ta*ac	0
:387*tg*at*cg	0
:388*ag*cg	0
:390*ag*tc	0
:390*at*tg	0
:390*ag*ta	0
:390*ag*ta*cg	0
:390*at	0
:390*ag*tg	0
:390*ac*ta	0
:391*ta*cg	0
:390*ac:1*cg	0
:392*cg	0
:391*ta	0
:390*ac*tc	0
:390*ac*ta*cg	0
:390*ac*tg*cg	0
:391*tg	0
:391*tc	0
:390*ag:1*cg	0
:390*at*tg*cg	0
:390*at*ta	0
:393*tg	0
:394*cg	0
:393*tg*ca	0
:393*tg*ca*cg	0
:394*ct	0
:393*tg*cg	0
:393*tc*ca	0
:393*ta*ct	0
:393*ta*ca*cg	0
:393*tc*ct*cg	0
:393*ta*ct*cg	0
:393*ta*ca	0
:393*tc	0
:393*tc*ca*cg	0
:393*tc*cg*cg	0
:393*ta*cg	0
:393*ta	0
:393*tg*ct*cg	0
:394*cg*cg	0
:394*ca	0
:396*ag:1*ac	0
:396*at*cg*ac	0
:396*ag*ca*ac	0
:396*ag*ca*ag	0
:396*at*ct*ac	0
:396*ag*cg*ac	0
:396*ac*ca*ac	0
:397*ct*ac	0
:397*ca*ag	0
:396*ac*ct*ag	0
:397*ct*ag	0
:397*ca*ac	0
:396*ac:1*ac	0
:396*ac*ca*ag	0
:396*ac*cg*ag	0
:397*cg*ac	0
:398*ac	0
:396*ag*ct*ag	0
:396*at*cg*ag	0
:396*at*ca*ac	0
:399*ag*gc	0
:399*at	0
:399*ag*ga	0
:399*ag*ga*cg	0
:399*at*gt	0
:399*ag	0
:399*ac*ga	0
:400*gt	0
:400*ga*cg	0
:399*ac*gt*cg	0
:400*gt*cg	0
:400*ga	0
:399*ac*gc	0
:399*ac*ga*cg	0
:399*ac:1*cg	0
:400*gc	0
:399*ag*gt*cg	0
:399*at:1*cg	0
:399*at*ga	0
:402*cg:1*tc	0
:402*ct*cg*tc	0
:402*cg*ca*tc	0
:402*cg*ca*tg	0
:402*ct*ct*tc	0
:402*cg*cg*tc	0
:403*ca*tc	0
:402*ca*ct*tc	0
:402*ca*ca*tg	0
:403*ct*tg	0
:402*ca*ct*tg	0
:402*ca*ca*tc	0
:404*tc	0
:403*ca*tg	0
:403*cg*tg	0
:402*ca*cg*tc	0
:402*ca:1*tc	0
:402*cg*ct*tg	0
:402*ct*cg*tg	0
:402*ct*ca*tc	0
:405*tg*gc	0
:405*tg*ga	0
:405*tg*ga*cg	0
:406*gt	0
:405*tg	0
:405*tc*ga	0
:405*ta*gt	0
:405*ta*ga*cg	0
:405*tc*gt*cg	0
:405*ta*gt*cg	0
:405*ta*ga	0
:405*tc*gc	0
:405*tc*ga*cg	0
:405*tc:1*cg	0
:405*ta	0
:405*ta*gc	0
:405*tg*gt*cg	0
:407*cg	0
:406*ga	0
:409*gc	0
:408*gt	0
:409*ga	0
:409*ga*cg	0
:408*gt*gt	0
:408*gc*ga	0
:408*ga*gt	0
:408*ga*ga*cg	0
:408*gc*gt*cg	0
:408*ga*gt*cg	0
:408*ga*ga	0
:408*gc*gc	0
:408*gc*ga*cg	0
:408*gc:1*cg	0
:408*ga	3
:408*ga*gc	0
:409*gt*cg	0
:408*gt:1*cg	0
:408*gt*ga	0
:412*ac	0
:411*gt*ag	0
:413*cg	0
:411*gt*at	0
:412*ag	0
:411*gc	0
:411*ga*at	0
:411*ga:1*cg	0
:411*gc*at*cg	0
:411*ga*at*cg	0
:411*ga	0
:411*gc*ac	0
:411*gc:1*cg	0
:411*gc*ag*cg	0
:411*ga*ag	0
:411*ga*ac	0
:412*at*cg	0
:411*gt*ag*cg	0
:411*gt	0
:416*tc	0
:414*gt*cg*tc	0
:415*ca*tc	0
:415*ca*tg	0
:414*gt*ct*tc	0
:415*cg*tc	0
:414*gc*ca*tc	0
:414*ga*ct*tc	0
:414*ga*ca*tg	0
:414*gc*ct*tg	0
:414*ga*ct*tg	0
:414*ga*ca*tc	0
:414*gc:1*tc	0
:414*gc*ca*tg	0
:414*gc*cg*tg	0
:414*ga*cg*tc	0
:414*ga:1*tc	0
:415*ct*tg	0
:414*gt*cg*tg	0
:414*gt*ca*tc	0
:417*cg*gc*gc	0
:417*ct:1*gc	0
:417*cg*ga*gc	0
:417*cg*ga	0
:417*ct*gt*gc	0
:417*cg:1*gc	0
:418*ga*gc	0
:417*ca*gt*gc	0
:417*ca*ga	0
:418*gt	0
:417*ca*gt	0
:417*ca*ga*gc	0
:418*gc*gc	0
:418*ga	0
:417*ca:1*gc	0
:417*ca*gc*gc	0
:417*cg*gt	0
:417*ct	0
:417*ct*ga*gc	0
:420*ag*tc	0
:420*at*tg	0
:420*ag*ta	0
:420*ag*ta*cg	0
:420*at	0
:420*ag*tg	0
:420*ac*ta	0
:421*ta*cg	0
:420*ac:1*cg	0
:422*cg	0
:421*ta	0
:420*ac*tc	0
:420*ac*ta*cg	0
:420*ac*tg*cg	0
:421*tg	0
:421*tc	0
:420*ag:1*cg	0
:420*at*tg*cg	0
:420*at*ta	0
:423*tg*tc*tc	0
:424*tg*tc	0
:423*tg*ta*tc	0
:423*tg*ta*tg	0
:425*tc	0
:423*tg*tg*tc	0
:423*tc*ta*tc	0
:423*ta:1*tc	0
:423*ta*ta*tg	0
:423*tc:1*tg	0
:423*ta:1*tg	0
:423*ta*ta*tc	0
:423*tc*tc*tc	0
:423*tc*ta*tg	0
:423*tc*tg*tg	0
:423*ta*tg*tc	0
:423*ta*tc*tc	0
:423*tg:1*tg	0
:424*tg*tg	0
:424*ta*tc	0
:426*ag*gc	0
:426*at	0
:426*ag*ga	0
:426*ag*ga*cg	0
:426*at*gt	0
:426*ag	0
:426*ac*ga	0
:427*gt	0
:427*ga*cg	0
:426*ac*gt*cg	0
:427*gt*cg	0
:427*ga	0
:426*ac*gc	0
:426*ac*ga*cg	0
:426*ac:1*cg	0
:427*gc	0
:426*ag*gt*cg	0
:426*at:1*cg	0
:426*at*ga	0
:429*cg	0
:429*ct*cg	0
:429*cg*ca	0
:429*cg*ca*cg	0
:429*ct*ct	0
:429*cg*cg	0
:430*ca	0
:429*ca*ct	0
:429*ca*ca*cg	0
:430*ct*cg	0
:429*ca*ct*cg	0
:429*ca*ca	0
:430*ca*cg	0
:430*cg*cg	0
:429*ca*cg	0
:429*ca	0
:429*cg*ct*cg	0
:429*ct*cg*cg	0
:429*ct*ca	0
:432*cg*ac	0
:432*ct*ag	0
:432*cg	0
:432*cg:1*cg	0
:432*ct*at	0
:432*cg*ag	0
:432*ca*at	0
:432*ca:1*cg	0
:433*at*cg	0
:432*ca*at*cg	0
:432*ca	0
:433*ac	0
:434*cg	0
:433*ag*cg	0
:432*ca*ag	0
:432*ca*ac	0
:432*cg*at*cg	0
:432*ct*ag*cg	0
:432*ct	0
:436*ac*gc	0
:435*gt*ag*gc	0
:437*gc	0
:435*gt*at*gc	0
:436*ag*gc	0
:435*gc:1*gc	0
:435*ga*at*gc	0
:435*ga	0
:435*gc*at	0
:435*ga*at	0
:435*ga:1*gc	0
:435*gc*ac*gc	0
:435*gc	0
:435*gc*ag	0
:435*ga*ag*gc	0
:435*ga*ac*gc	0
:436*at	0
:435*gt*ag	0
:435*gt:1*gc	0
:438*cg	0
:438*ct*cg	0
:438*cg*ca	0
:438*cg*ca*cg	0
:438*ct*ct	0
:438*cg*cg	0
:439*ca	0
:438*ca*ct	0
:438*ca*ca*cg	0
:439*ct*cg	0
:438*ca*ct*cg	0
:438*ca*ca	0
:439*ca*cg	0
:439*cg*cg	0
:438*ca*cg	0
:438*ca	0
:438*cg*ct*cg	0
:438*ct*cg*cg	0
:438*ct*ca	0
:441*ag*tc	0
:441*at*tg	0
:441*ag*ta	0
:441*ag*ta*cg	0
:441*at	0
:441*ag*tg	0
:441*ac*ta	0
:442*ta*cg	0
:441*ac:1*cg	0
:443*cg	0
:442*ta	0
:441*ac*tc	0
:441*ac*ta*cg	0
:441*ac*tg*cg	0
:442*tg	0
:442*tc	0
:441*ag:1*cg	0
:441*at*tg*cg	0
:441*at*ta	0
:444*cg*tc*gc	0
:444*ct*tg*gc	0
:444*cg*ta*gc	0
:444*cg*ta	0
:444*ct:1*gc	0
:444*cg*tg*gc	0
:445*ta*gc	0
:444*ca:1*gc	0
:444*ca*ta	0
:444*ca	0
:444*ca*ta*gc	0
:445*tc*gc	0
:445*ta	0
:445*tg	0
:444*ca*tg*gc	0
:444*ca*tc*gc	0
:444*cg	0
:444*ct*tg	0
:444*ct*ta*gc	0
:448*ac*ac	0
:447*gt*ag*ac	0
:449*ac	0
:449*ag	0
:447*gt*at*ac	0
:448*ag*ac	0
:447*gc:1*ac	0
:447*ga*at*ac	0
:447*ga:1*ag	0
:447*gc*at*ag	0
:447*ga*at*ag	0
:447*ga:1*ac	0
:447*gc*ac*ac	0
:447*gc:1*ag	0
:447*gc*ag*ag	0
:447*ga*ag*ac	0
:447*ga*ac*ac	0
:448*at*ag	0
:447*gt*ag*ag	0
:447*gt:1*ac	0
:451*ac*ac	0
:450*gt*ag*ac	0
:452*ac	0
:452*ag	0
:450*gt*at*ac	0
:451*ag*ac	0
:450*gc:1*ac	0
:450*ga*at*ac	0
:450*ga:1*ag	0
:450*gc*at*ag	0
:450*ga*at*ag	0
:450*ga:1*ac	0
:450*gc*ac*ac	0
:450*gc:1*ag	0
:450*gc*ag*ag	0
:450*ga*ag*ac	0
:450*ga*ac*ac	0
:451*at*ag	0
:450*gt*ag*ag	0
:450*gt:1*ac	0
:453*cg:1*tc	0
:453*ct*cg*tc	0
:453*cg*ca*tc	0
:453*cg*ca*tg	0
:453*ct*ct*tc	0
:453*cg*cg*tc	0
:454*ca*tc	0
:453*ca*ct*tc	0
:453*ca*ca*tg	0
:454*ct*tg	0
:453*ca*ct*tg	0
:453*ca*ca*tc	0
:455*tc	0
:454*ca*tg	0
:454*cg*tg	0
:453*ca*cg*tc	0
:453*ca:1*tc	0
:453*cg*ct*tg	0
:453*ct*cg*tg	0
:453*ct*ca*tc	0
:456*gt*cg	0
:457*ca	0
:457*ca*cg	0
:456*gt*ct	0
:457*cg	0
:456*gc*ca	0
:456*ga*ct	0
:456*ga*ca*cg	0
:456*gc*ct*cg	0
:456*ga*ct*cg	0
:456*ga*ca	0
:456*gc	0
:456*gc*ca*cg	0
:456*gc*cg*cg	0
:456*ga*cg	0
:456*ga	0
:457*ct*cg	0
:456*gt*cg*cg	0
:456*gt*ca	0
