:44*ct	926
:86-c	369
:467-c	310
:107-c	280
:208-a	235
:428-c	220
:91-a	212
:70-c	211
:383-c	205
:75-a	199
:73-a	190
:302*ca	185
:203*ga	185
:401-c	182
:438-c	180
:78-t	176
:201-a	174
:82-g	170
:169-c	169
:205-g	167
:378-t	156
:367-a	155
:348-g	147
:151-c	146
:296*ca	146
:464-a	139
:305*ca	138
:132-g	137
:443-c	135
:184-g	128
:495*ac	128
:126-a	128
:94-c	128
:453-c	127
:77-c	125
:457-c	122
:199-a	121
:340-c	121
:335*ga	118
:192-g	115
:351-g	114
:174-g	112
:495*ag	110
:338-g	110
:71*ca	108
:358-g	108
:388-a	107
:220-c	107
:339-t	106
:163-g	106
:159-a	105
:93-g	104
:363-a	104
:356-c	103
:135-a	102
:160-t	102
:119-g	102
:360-c	101
:150-g	100
:414-g	100
:354-t	100
:112-c	98
:433-a	96
:121-t	96
:423-t	95
:187-t	95
:168-t	94
:393-t	94
:388*ac	94
:172-c	94
:177-a	92
:374-g	91
:451-a	90
:391-t	88
:219-gcc	87
:123-a	87
:130-c	86
:460-a	86
:176*ct	86
:408-g	85
:98-a	84
:353-c	83
:114-g	82
:197-g	82
:110-g	82
:189-a	82
:421-t	82
:377-g	81
:422-c	80
:396-a	80
:314*ca	80
:178-c	79
:210-ag	79
:394-c	77
:171-a	77
:89-t	76
:85-g	74
:373*tg	74
:336-a	73
:139-a	72
:390*ac	72
:399*ac	72
:357-cg	70
:170-ca	68
:148-a	68
:288*ga	68
:106-t	66
:416-t	65
:156-g	64
:105-g	62
:321*ca	62
:128-a	61
:456-g	60
:141-g	60
:343*ag	58
:286*tc	58
:349-gc	57
:396*ac	57
:386-a	57
:86-cc	57
:392-c	55
:406-g	55
:372-g	54
:468*ct	54
:76-ac	54
:466-a	53
:404*tg	53
:167-g	53
:345-a	52
:412-a	52
:464-ac	51
:351*gc	51
:355-tc	50
:316*ac	50
:182-g	50
:165-g	49
:299*ga	49
:137-a	49
:117-g	49
:311*ca	48
:428-cc	48
:381-ca	48
:530*ca	47
:303-a	47
:16*ac	46
:204-a	46
:233-c	46
:365-ag	45
:351-gg	45
:339*tg	45
:448-a	44
:358*gc	44
:415-c	44
:296-c	44
:334-a	44
:314-c	44
:420-a	44
:44*ca	43
:83-c	43
:146-g	42
:366-g	42
:427-g	42
:400-g	42
:101-a	42
:272-c	42
:329*ca	42
:81-a	41
:335*gt	41
:88-ct	41
:413-cg	41
:135*ac	41
:277-a	41
:437-g	40
:142-t	40
:382-a	40
:122-c	40
:90-ca	40
:319*ag	40
:174*gc	40
:78*tc	40
:363*ag	39
:363*ac	39
:260-c	39
:354*tg	38
:367*ac	38
:390-a	38
:110*gt	37
:332-c	37
:352-gc	37
:452-ac	37
:347-a	37
:337-ag	37
:72-ga	37
:442-t	37
:215-a	37
:354*tc	36
:376*ac	36
:410-c	36
:75-aa	36
:377*gt	36
:225-a	36
:71-cg	36
:105-gt	36
:228*ga	36
:166-t	36
:495*at	35
:167*gt	35
:367*ag	35
:90-c	35
:85-gc	35
:432-ca	35
:280-c	35
:186-a	35
:168-tc	34
:164-c	34
:92-cg	34
:108-ct	34
:231*tc	34
:111-gc	34
:341*tg	34
:345*ag	34
:72-g	34
:322-g	34
:185-c	34
:335-g	33
:107*ct	33
:96-a	33
:203*gt	33
:165-gt	33
:465-cac	33
:350-c	33
:441-a	33
:403-ct	32
:192*gc	31
:347*ag	31
:289-a	31
:259-g	31
:263-g	31
:386*at	31
:74-c	31
:320-g	31
:116-c	31
:343-a	31
:334*ac	31
:364-aag	30
:330-t	30
:173-cg	30
:356*ct	30
:383*ca	30
:398-a	30
:375-c	30
:338*ga	30
:350*ca	30
:376-a	30
:391-tc	29
:357-cgg	29
:321*cg	29
:359-gc	29
:284-g	29
:92-c	29
:367-aa	29
:182-gt	29
:153-a	29
:389-c	29
:325-c	29
:149-cg	28
:338-gt	28
:224*gt	28
:317*ga	28
:89-tca	28
:81-ag	28
:399-ag	28
:405*tc	28
:91*at	28
:96*ac	28
:373-t	28
:260*ca	28
:77-ct	28
:191-c	27
:180-a	27
:440-ca	27
:326*ca	27
:182*ga	27
:229-a	27
:275*ac	26
:342-ga	26
:350*cg	26
:73-ac	26
:243*ac	26
:277*ac	26
:348*gc	26
:310-a	26
:418-g	26
:392*ct	26
:73-aca	26
:241*ag	26
:400-gc	26
:230-t	26
:421-tc	25
:423*tc	25
:376-ag	25
:340*ca	25
:359*ga	25
:100-g	25
:300-a	25
:308*ga	25
:380-tca	25
:461-c	25
:342-g	25
:384*ca	25
:332*ca	25
:307*ac	24
:203-ga	24
:114*gc	24
:384*ct	24
:307*ag	24
:71*cg	24
:144-a	24
:416*tg	24
:71-cga	24
:113-cg	24
:345*at	24
:449-ag	24
:431-cca	24
:384-cta	24
:283*ac	24
:352*gt	24
:194-c	24
:203-g	24
:197*ga	24
:401-cc	23
:356*ca	23
:436-a	23
:468*ca	23
:355*tc	23
:312-g	23
:238-c	23
:266-g	23
:453*ca	23
:357*ca	23
:371-tg	23
:427-gc	23
:422*ct	22
:141*gt	22
:438-cc	22
:236*ca	22
:340*ct	22
:341*tc	22
:362-g	22
:138-g	22
:244-t	22
:371-t	22
:366*ga	22
:379*tg	22
:462-a	22
:378*ta	22
:87-cct	22
:127-c	22
:327-a	22
:467-cc	21
:404-t	21
:415-ct	21
:427-gcc	21
:408*gc	21
:374*ga	21
:386*ac	21
:210*ac	21
:330*tg	21
:106-tc	21
:323*ga	21
:229*ac	21
:381-c	21
:355-tcc	21
:216-c	21
:327*ac	21
:374*gt	21
:247-t	21
:369*ac	21
:287*ga	21
:79*tc	20
:392*ca	20
:395-ca	20
:383-cc	20
:241*ac	20
:152-ca	20
:125*gt	20
:218-g	20
:361-t	20
:378*tg	20
:292*tc	20
:196-a	20
:353-ct	20
:377*ga	20
:353*cg	20
:287*gt	20
:401*cg	20
:139*ag	20
:232-g	20
:136-c	20
:253*ga	19
:343*ac	19
:83-cagc	19
:344-g	19
:204*ac	19
:134-c	19
:385*tc	19
:118-t	19
:384-ct	19
:199-ac	19
:369*ag	19
:362*ga	19
:186*ac	19
:120-gt	19
:159-at	19
:329-c	19
:268-g	19
:129-ac	19
:454-ct	19
:425*tg	19
:242*ga	19
:331*tc	18
:80*ct	18
:143-g	18
:440-cat	18
:206-c	18
:414*ga	18
:228*gt	18
:351-ggct	18
:285-c	18
:466*ac	18
:256*ga	18
:162-a	18
:410*ca	18
:158*ga	18
:328-t	18
:91-acg	18
:131-cg	18
:420-at	18
:174-gg	18
:195-g	18
:436*ac	18
:334-ag	18
:167*ga	18
:382*at	18
:443*ct	18
:97*ga	18
:377-gt	17
:356*cg	17
:284*ga	17
:336-aa	17
:346*gt	17
:81*ac	17
:87*ca	17
:159*ag	17
:149-c	17
:140-t	17
:270*tg	17
:434*ca	17
:161-c	17
:446-g	17
:450-g	17
:289*ag	17
:407*ct	17
:381-cac	17
:424*tg	17
:456*gt	17
:272*ca	17
:346*ga	17
:80-cag	17
:379*tc	17
:200*ct	17
:293-g	17
:436*ag	17
:250-g	17
:389-cat	17
:183*tc	16
:371*ta	16
:200-c	16
:143*gt	16
:289*ac	16
:184*gc	16
:83*ct	16
:338*gt	16
:124-t	16
:134-ca	16
:157-t	16
:207-g	16
:262*tc	16
:334-aga	16
:133-gc	16
:118*tg	16
:343-aga	16
:434-c	16
:319*ac	16
:97-g	16
:191*ct	16
:196*ag	16
:270*tc	16
:298*tc	16
:272*ct	16
:295-a	16
:439-cca	16
:403*ct	16
:266*gt	16
:375-ca	16
:95-ca	16
:132*gc	16
:100*ga	16
:390-at	16
:158-g	16
:417-c	16
:153*ac	16
:237-g	16
:419*ga	16
:131-cgg	16
:440*ca	16
:84-a	16
:116*ct	16
:275-a	16
:126-ac	16
:446*gt	16
:291-c	16
:126*ac	16
:181*ac	16
:185*ct	15
:387-t	15
:265*tc	15
:72-gaca	15
:77*ca	15
:219*gt	15
:293*gt	15
:80-c	15
:358-gg	15
:148-ac	15
:348-gg	15
:109-t	15
:196*ac	15
:125-ga	15
:410*ct	15
:223*tc	15
:92-cgc	15
:166*tc	15
:359*gc	15
:313-a	15
:392-ctc	15
:288*gc	15
:341-t	15
:350*ct	15
:435-g	15
:398*ag	15
:293*ga	15
:246*ac	15
:337*ag	15
:345*ac	15
:395*ca	15
:437-gc	15
:210*ag	15
:143*ga	15
:421-tct	15
:193-gc	15
:99*ag	15
:158*gt	15
:457*ct	15
:353*ca	15
:450*ga	15
:259-gc	15
:220*ct	15
:155-ag	15
:275*at	14
:164*ct	14
:385-t	14
:426-a	14
:346-g	14
:119*gt	14
:361*tc	14
:193*gt	14
:389*ct	14
:190-ac	14
:295*ac	14
:31*ct	14
:364*ag	14
:69-a	14
:363*at	14
:217*tc	14
:176-ca	14
:182*gt	14
:339*ta	14
:375*ct	14
:445-t	14
:183-t	14
:339-tc	14
:139-at	14
:74*ca	14
:243-a	14
:109*tc	14
:207-ga	14
:342*gt	14
:166*tg	14
:110*ga	14
:278*ca	14
:162-ag	14
:385-ta	14
:491*ga	14
:84-ag	14
:340*cg	14
:460*ag	14
:264-c	14
:274*tc	14
:147-gac	14
:459-g	14
:415*cg	14
:186*ag	14
:146*ga	13
:323*gc	13
:175*gt	13
:201*at	13
:167*gc	13
:115*gt	13
:512*ct	13
:138-gat	13
:438*ct	13
:332*cg	13
:96*ag	13
:455-t	13
:76-act	13
:413*ct	13
:158-ga	13
:419*gc	13
:117-gt	13
:173*ct	13
:318-a	13
:296*cg	13
:399-agc	13
:385*ta	13
:69-ac	13
:179-ca	13
:337*ac	13
:235-a	13
:366*gc	13
:374-gca	13
:344*ga	13
:324-t	13
:122*ct	13
:137-ag	13
:198-ta	13
:357*cg	13
:186-at	13
:215*ag	13
:75-aact	13
:93*gt	13
:192-gg	12
:197*gt	12
:370*at	12
:132-gg	12
:171*at	12
:195*gt	12
:256*gt	12
:269*gt	12
:382-acct	12
:361-tg	12
:142*tg	12
:110*gc	12
:145*ac	12
:211*ga	12
:255*ac	12
:115-gc	12
:213*ga	12
:425-tagc	12
:418*gc	12
:301*ac*ca	12
:245*ca	12
:372*gt	12
:494*ga	12
:397*ca	12
:326*cg	12
:373*tc	12
:411-g	12
:198-t	12
:451-aa	12
:356-ccg	12
:346-gag	12
:417*ca	12
:455*tg	12
:109-tg	12
:320*ga	12
:441-at	12
:242-g	12
:131*ct	12
:414*gc	12
:459*ga	12
:338-gtc	12
:428*ct	12
:462-ag	12
:451*ag	12
:464*ag	12
:168-tcc	12
:336-aagt	12
:68-gacc	12
:441*ac	11
:446*ga	11
:224*gc	11
:445*tc	11
:163-gc	11
:117*gt	11
:214*gt	11
:156*gt	11
:87*ct	11
:284*gt	11
:379*ta	11
:274*tg	11
:119*ga	11
:188*ct	11
:232*gc	11
:119*gc	11
:222*ct	11
:263*ga	11
:299*gc	11
:437*ga	11
:233*ct	11
:383*ct	11
:154*ac	11
:420*ag	11
:269-gt	11
:414*gt	11
:413-c	11
:136*ct	11
:147-ga	11
:507*ga	11
:440*ct	11
:411-gacg	11
:430-ccca	11
:362*gt	11
:370-atg	11
:251*ca	11
:210-a	11
:397-caag	11
:101*ag	11
:246-a	11
:407*ca	11
:44*cg	11
:353*ct	11
:463*gc	11
:52*ga	11
:221*ct	10
:465*cg*ac	10
:402-cct	10
:443*ca	10
:113-cgg	10
:118*tc	10
:273*ca	10
:195-ga	10
:92*ca	10
:194*cg	10
:347-aggc	10
:414-gct	10
:209*ca	10
:435-ga	10
:27*ga	10
:519-g	10
:387-tacat	10
:238*ct	10
:104-ag	10
:393-tcca	10
:402*ca	10
:405-tg	10
:249*ac	10
:159*ac	10
:378-tt	10
:221*cg	10
:128-aa	10
:113*ct	10
:71*ct	10
:349-gcggc	10
:456-gc	10
:152-caa	10
:218*ga	10
:149*ct	10
:401*ca	10
:428*cg	10
:331-tc	10
:349+c	10
:362-gaaa	10
:213-g	10
:138*ga	10
:380*ta	10
:516*ga	10
:369-aatg	10
:170*ct	10
:352-gct	10
:99-ag	10
:214*ga	10
:410*cg	10
:78-tt	10
:402*ct	10
:395*cg	10
:363-aa	10
:431*ca	10
:133-gca	9
:419-ga	9
:111*gt	9
:403-ctt	9
:14*ga	9
:35*ga	9
:165*gt	9
:218*gt	9
:458*ca	9
:155*at	9
:135*ag	9
:426*ac	9
:233*ca	9
:282-ca	9
:111-gcc	9
:329*ct	9
:258*ac	9
:200*ca	9
:396*ag	9
:416*ta	9
:281*ca	9
:252*ac	9
:513*ga	9
:108*ct	9
:279-a	9
:138*gc	9
:263*gt	9
:92*ct	9
:428-ccc	9
:125*ga	9
:164*ca	9
:89*ta	9
:348-ggc	9
:202-t	9
:308*gt	9
:370-at	9
:459*gc	9
:199*ac	9
:287*gc	9
:401*ct	9
:124*tc	9
:136*cg	9
:63*ga	9
:86*ca	9
:187-tc	9
:458-cg	9
:218*gc	9
:91*ag	9
:339*tc	9
:273-cta	9
:431*ct	9
:522-a	9
:353-ctt	9
:99*ac	9
:292-t	9
:123-at	9
:45*ga	9
:86-ccct	9
:359*gt	9
:224*ga	9
:367*at	9
:371-tgtg	9
:103*ac	9
:266-gc	9
:196-agt	9
:156-gt	9
:175-gc	9
:189-aa	9
:341*ta	9
:365*at	9
:422*ca	9
:348-ggcg	9
:157-tga	8
:108-ctg	8
:146*gt	8
:181-agt	8
:229*at	8
:194*ct	8
:102+g	8
:256*gc	8
:322*gc	8
:107-cc	8
:206*ct	8
:152*ct	8
:188-c	8
:516*gc:1*ag	8
:349*gt	8
:225-aa	8
:77*ct	8
:25*ct	8
:96-ag	8
:125-g	8
:298*tg*ga	8
:116*cg	8
:423-tt	8
:293*gc	8
:11*ga	8
:447*ga	8
:346-gaggc	8
:202*tg	8
:388-aca	8
:466*at*cg	8
:406*gc	8
:228*gc	8
:347*at	8
:126-aca	8
:335-gaag	8
:271*tc	8
:463-g	8
:411-ga	8
:278*ct	8
:459-gaca	8
:359-gct	8
:120*gc	8
:227*ct	8
:526*tc	8
:464-aca	8
:251-caga	8
:294-ta	8
:38*ct	8
:337-agt	8
:341-tga	8
:406-gc	8
:123*at	8
:139*ac	8
:268*gc	8
:214-ga	8
:364*at	8
:454-ctg	8
:220-cc	8
:305-c	8
:364*ac	8
:465-c	8
:213*gc	8
:387-tac	8
:374*gc	8
:140*ta	8
:458*ct	8
:462*ac	8
:412-acgc	8
:400-gcc	8
:515*ct	8
:39*ag	8
:296-cc	8
:444-ct	8
:332*ct	8
:83*ca	7
:121-tc	7
:248*ca	7
:229*ag	7
:157*tg	7
:79-tcag	7
:451-aac	7
:443-cc	7
:407-c	7
:88*ca	7
:467*cg	7
:87*cg	7
:173*ca	7
:133*gt	7
:340-ctga	7
:465*cg	7
:442-tc	7
:64*ag	7
:484-g	7
:81+a	7
:206*cg	7
:301-ac	7
:221*ca	7
:117-gtg	7
:229-at	7
:378*tc	7
:106-tcc	7
:463-gacac	7
:463*ga	7
:202*tc	7
:426-agc	7
:295*ac*ca	7
:350-cggc	7
:99+c	7
:217-t	7
:308-g	7
:86*cg	7
:258-ag	7
:260*cg	7
:340-ctg	7
:137*ag	7
:288*gt	7
:509*ag	7
:175-gca	7
:503*ga	7
:360-ctga	7
:502*ag	7
:487*ga	7
:416-tcg	7
:260*ct	7
:80-ca	7
:245-c	7
:281-cca	7
:298-tgaa	7
:459-ga	7
:95*ca	7
:179*ca	7
:297*ct	7
:286*tg*gt	7
:120-gtc	7
:367-aaa	7
:352-gcttccggctgaa	7
:86*ct	7
:113*cg	7
:403*ca	7
:273-ct	7
:432-cacg	7
:274*ta	7
:467*ca	7
:409+c	7
:437-gcc	7
:269*ga	7
:100*gt	7
:205-gc	7
:344*gt	7
:114-gg	7
:73+c	7
:202-tg	7
:112*ct	7
:512*ca	7
:388-ac	7
:184-gc	7
:105-gtc	7
:330*tc	7
:214*gc	7
:88-ctca	7
:254-a	7
:181*ag	7
:151*ct	7
:465*ct	7
:154+c	7
:176-cac	6
:437*gt	6
:475*ga	6
:344-gag	6
:153-aa	6
:181-agtgc	6
:320-gc	6
:370*ag	6
:136-cag	6
:356-cc	6
:435*gt	6
:140-tg	6
:94*ct	6
:177*at	6
:311*ct	6
:395+g	6
:362*gc	6
:326-cat	6
:160-tcag	6
:499*ca	6
:102+c	6
:102*ac	6
:466*ag	6
:62*ct	6
:83*cg	6
:78-ttca	6
:391-tctc	6
:143+g	6
:394-cca	6
:396*at	6
:157*tc	6
:286-t	6
:267-c	6
:458-cgaca	6
:191-cgg	6
:273*ct	6
:461*cg	6
:287-g	6
:327*ag	6
:90-cacg	6
:270-t	6
:104-agt	6
:105*gc	6
:252-a	6
:209+ccc	6
:214-gactggccctgaacgattgccacgccgagatcatcagcagaagaagcctgctgcggttcctatacacccagctggaactgtacctgaacaacaaggacgaccagaagcggtcca	6
:68-ga	6
:90+g	6
:164-cgt	6
:230*ta	6
:434*ct	6
:342-gaga	6
:373-tgc	6
:267*ca	6
:479-g	6
:237*gt	6
:439*cg	6
:326-ca	6
:224-g	6
:232-gc	6
:240*gt	6
:211-g	6
:432-cacga	6
:85-gcc	6
:79-tc	6
:30*ga	6
:313*at	6
:357-cggct	6
:415*ct	6
:488-c	6
:465*ca*at*cg	6
:441*ag	6
:239*ca	6
:85-gccct	6
:295-ac	6
:380-tc	6
:382*ag	6
:169+c	6
:89*tg	6
:227*ca	6
:369-aat	6
:176*ca	6
:517-a	6
:135-aca	6
:455-tgccga	6
:188*ca	6
:415*ca	6
:291-ctg	6
:295*ag*ca	6
:261*ct	6
:455-tg	6
:206-cga	6
:419-gatc	6
:386-ata	6
:484*ga	6
:461*ca	6
:356-ccgg	6
:448*ag	6
:413*ca	6
:447-gaa	6
:134*cg	6
:161-cag	6
:372-gtg	6
:185-cat	6
:521+c	5
:149*ca	5
:145*ag	5
:359-gctgaa	5
:368-aaatg	5
:182-gtg	5
:208*at	5
:357+g	5
:462*ac*ga*ag	5
:73-acaa	5
:127*ca	5
:206*ca	5
:254*ag	5
:122-ca	5
:291*ct	5
:167-gtcc	5
:252*ag	5
:347+c	5
:103-aagt	5
:460*ac	5
:477*ag	5
:461*ct	5
:520*ga	5
:71-cgaca	5
:149-cgc	5
:70*ct	5
:40*ga	5
:370-atgtgcag	5
:103*ag	5
:344-gagaggc	5
:436*ag*ga	5
:394+c	5
:65*ct	5
:453*ct	5
:517*at	5
:231-tg	5
:254*at	5
:523-c	5
:184-gca	5
:398-aa	5
:68-g	5
:207-gaca	5
:180-aa	5
:129-acc	5
:152*ca	5
:84+t	5
:70*cg	5
:165+t	5
:85+t	5
:516-g	5
:17*ac	5
:380-tcac	5
:465*ca	5
:311-c	5
:387-tacatc	5
:173-cgg	5
:333-ca	5
:372-gtgca	5
:119-gg	5
:107*ca	5
:362-ga	5
:335-gaagt	5
:84*ac	5
:191-cg	5
:77-ctt	5
:161*ct	5
:167-gtc	5
:291*ca*tc	5
:102-aaagtc	5
:373-tgca	5
:425-tagcc	5
:408+a	5
:248*ct	5
:144+c	5
:68*ga	5
:110-gg	5
:453-cc	5
:179*cg	5
:162*ac	5
:353-cttccggctgaaagaaaatgtgcagtttcacctataca	5
:380-tcacc	5
:328-tc	5
:252-agaagaagcctgctgcggttcctatacaccca	5
:302-c	5
:10*tc	5
:137-aga	5
:463*gt*ac	5
:394+g	5
:367+c	5
:424*ta	5
:89-tcacg	5
:390+a	5
:300-aac	5
:409*gt	5
:420-atc	5
:365-agaaaatgtgcagtttcacct	5
:299*gt	5
:208-ac	5
:402*cg	5
:452-acct	5
:228-ga	5
:268-ggt	5
:354-tt	5
:255*ag	5
:144-aa	5
:403*cg	5
:379-ttca	5
:425-tag	5
:369*at	5
:249-a	5
:190+c	5
:185-ca	5
:428*ca	5
:397-c	5
:171-accg	5
:480*ga	5
:148-acgc	5
:310*ac*ca	5
:168-tcca	5
:478*ag	5
:344+t	5
:439-ccat	5
:433*ag	5
:53*cg	5
:426-ag	5
:433-acga	5
:427-gccc	5
:169-cca	5
:98-aa	5
:294*tg:1*ca	5
:133-gcacagatgtgaaggacgccaaagtgatcagcgtgtccaccggcaccaagtgcatcaacggcgagtacatga	5
:201-at	5
:37*ga	4
:113*ca	4
:326*ct	4
:126*at	4
:130*cg*ct	4
:68*gt	4
:368*at	4
:375-cagt	4
:181-ag	4
:360+a	4
:498*ag	4
:95-caga	4
:115+c	4
:446*gc	4
:497*ag	4
:99*at	4
:314*ct	4
:131+g	4
:248-c	4
:341-tg	4
:153*ag	4
:131+a	4
:485*ga	4
:336*at	4
:172-ccgg	4
:183-tgca	4
:109-tgg	4
:164*cg	4
:80*ca	4
:104*at	4
:107-cctggc	4
:129-accggcacagatgtgaaggacgccaaagtgatcagcgtgtccaccggcaccaagtgcatcaacggcgagtacatg	4
:111+c	4
:80*cg	4
:145-aggac	4
:80+a	4
:126*ag	4
:237+t	4
:245-catcagcagaagaagcctgctgcggttcctatacacccag	4
:290-actgtacctgaacaacaaggacgac	4
:319-agcg	4
:129-accgg	4
:330-tt	4
:81+g	4
:84-agccct	4
:115*gc*ct	4
:236*ct	4
:183+c	4
:242-gatc	4
:251-c	4
:358-ggct	4
:462*ac*gc*ac	4
:406-gcgg	4
:390-atct	4
:161*ca	4
:423*ta	4
:384*cg	4
:246-at	4
:70*ca	4
:129*at	4
:235-acgccgagatcatcagcagaagaagcctgctgcggttcctatacacccagctggaactgtacctgaacaaca	4
:382-accta	4
:454*ca	4
:74*ct	4
:74-caact	4
:245*ct	4
:360*ct	4
:525*ac	4
:459*ga*at	4
:323*gt	4
:86+a	4
:132+t	4
:337-agtc	4
:354*tc:1*ct	4
:137-agat	4
:366-gaaaatgtgcagtttcacctatac	4
:173*cg	4
:88-ctcacgcca	4
:250-gcagaagaagcctgctgcggttcctatacacccagctggaactgtacctgaacaacaaggacgaccagaagcggtccatct	4
:139-atgtgaaggacgccaaagtgatcagcgtgtccaccggcaccaagtgcatcaacggcgagtac	4
:253*gt	4
:126+c	4
:185*ca	4
:507*gc	4
:362-gaa	4
:349*gc*cg	4
:154*ag	4
:164-cgtgtcc	4
:366*gt	4
:458-cga	4
:339-tct	4
:108-ctgg	4
:150*gt	4
:335-gaagtctg	4
:289*at	4
:158*gc	4
:83-cagccc	4
:500*at	4
:316-a	4
:90+c	4
:459*gt*ag	4
:74-caac	4
:357-cggctgaaagaaaatgtgcagtttcacctatacat	4
:174-ggca	4
:128*at	4
:386+g	4
:274-t	4
:286-tg	4
:193*gc*cg	4
:372*ga:1*ga	4
:412-ac	4
:209-c	4
:333*ct	4
:47*ga	4
:426+a	4
:465*ca*ac	4
:163-gcg	4
:306-a	4
:156-gtg	4
:101+c	4
:398-aagccct	4
:462*ag*ga*ac	4
:339*tg:1*tg	4
:405-tgc	4
:150*gc:1*ca	4
:153*at	4
:469*ca	4
:357+t	4
:243*ag	4
:201-atg	4
:315*ca*ac	4
:298-t	4
:335-gaagtc	4
:463*gt*ag	4
:315-ca	4
:141-gtgaaggacgccaaagtgatcagcgtgtccacc	4
:337*ag*gt	4
:436-agc	4
:49*tc	4
:305-caag	4
:467*ct	4
:266*gc	4
:351+taat	4
:462*ag	4
:83-cagcc	4
:95*ct	4
:370-atgtgc	4
:395*ct	4
:336-aagtc	4
:386-atac	4
:484*gc	4
:342*ga*ag	4
:116+c	4
:20*tc	4
:296*ct	4
:337+t	4
:418+a	4
:466*at	4
:138+t	4
:240-g	4
:77-cttcagcagccctcacgccagaagaaaagtcc	4
:425-ta	4
:316*ag*ga	4
:454*cg	4
:481*ct	4
:129+g	4
:405*tg:1*cg	4
:274-ta	4
:345-agaggc	4
:353-cttc	4
:370*ac	4
:424*tc	4
:519*ga	4
:97*gc	4
:317-g	4
:447*gc	4
:481-c	4
:209*ct	4
:170*cg	4
:409-gc	4
:384-ctata	4
:266+c	4
:471*ac	4
:112-ccggcgtggtcatgacaaccggcacagatgtgaaggacgccaa	4
:294-t	4
:383-cct	4
:88+t	4
:467+c	4
:506*ct	4
:209-cagag	4
:227-c	4
:43*tc	4
:141+g	4
:141-gtg	4
:70-ccgacaacttcagcagccctcacgccagaagaaaagtcctgg	4
:366*ga*ag	4
:430*cg	4
:291*ca*tg	4
:434-cgag	4
:294-tac	4
:349-gcggcttc	4
:303-aa	4
:526*ta	4
:158-gatc	4
:213*gt	4
:468*cg	4
:408-gg	4
:246*ag	4
:122-catg	4
:53*ct	4
:323-gt	4
:490*ag	4
:261-ctg	4
:351-ggcttccggctgaaagaaaatgt	4
:257*ag	4
:423*tg	4
:433-acg	4
:515*ca	4
:30*gt	4
:156+t	4
:145-ag	4
:360-ct	4
:350-cggct	4
:318*at	4
:114-ggcgtggtcatgacaaccggcacagatgtgaaggacgccaaagtgatcagcgtgtccaccggcaccaagtgcatcaacg	3
:398*at	3
:176-c	3
:523*ct	3
:169-cc	3
:530*ct	3
:297*ca*tc	3
:118*tc*gt	3
:345-agaggcggcttccggctgaaa	3
:130-cc	3
:432-cacgag	3
:139+c	3
:159-atc	3
:182-gtgc	3
:94-ccaga	3
:363-aaaga	3
:239*ct	3
:134*ct	3
:261+t	3
:63*gc	3
:407-cggcgacgctcggatctttagcccc	3
:123-atg	3
:345+cggct	3
:351-ggcttccggctgaaagaaaatgtgcagtttcacctatacat	3
:79-tca	3
:123-atgaca	3
:111*gc*ct	3
:143+a	3
:153-aaa	3
:169-ccac	3
:380*tg	3
:358+g	3
:383-cctatacatc	3
:99+g	3
:127-caaccg	3
:135+g	3
:352-gcttccggctgaaa	3
:217*tc*gt	3
:133-gcacagatgtgaaggacgccaaagtgatcagcgtgtccacc	3
:119-ggtc	3
:462*ag*gt*ag	3
:390*ag	3
:98*at	3
:189-aacg	3
:127*ct	3
:337+g	3
:358*gt*ga	3
:483*ct	3
:127*cg	3
:152*cg	3
:251*ct	3
:69-accgaca	3
:164-cgtgtccac	3
:128*ag	3
:275-ata	3
:345*ag:1*ag	3
:504*at	3
:517*ag	3
:33*ga	3
:129-accggcacagatgtgaaggacgccaaagtgatcagcgtgtcc	3
:126-acaaccggc	3
:212*ag	3
:95-cag	3
:471*ag	3
:379-ttcacc	3
:397+ac	3
:518*ac	3
:319-ag	3
:420*ac	3
:79*tc*ca	3
:122+g	3
:8*tg	3
:387*tg*at	3
:492*ct	3
:251*cg	3
:110-ggc	3
:196*ac*ga	3
:264*ct	3
:360-ctgaaa	3
:170*ca	3
:489*ct	3
:102*ag	3
:80-cagcag	3
:204-agc	3
:228*ga*ac	3
:288*ga*ac	3
:470*ct	3
:114-ggcg	3
:112-ccggcgtggtcatgacaaccggcacagatgtgaaggacgccaaagtgatcagcgtgtccaccggcaccaagtgcatcaacggc	3
:472*ag	3
:351*gc:1*ca	3
:79+g	3
:231+g	3
:256-g	3
:292-tg	3
:307-ag	3
:72-gacaact	3
:94-cc	3
:269*gc	3
:354+cagaa	3
:394*ct*cg	3
:83-ca	3
:121-tca	3
:135*at	3
:328*tc*ct	3
:459*gc*ac	3
:428-cccccac	3
:389*ca	3
:359+a	3
:363-aaagaa	3
:96*at	3
:360*ca*ta*ga	3
:124*tg	3
:257*at	3
:304-ac	3
:458-cgacaga	3
:344-gagaggcggcttccggctgaaagaaaatgtgc	3
:283-a	3
:367-aaaatgtgc	3
:270-ttc	3
:352*gc*ca	3
:36*at	3
:56*ac	3
:211*gc	3
:142*tc	3
:70-ccgacaacttcagcagccctcacgc	3
:207-gacagaggactggccctgaacgattgccacgccgagatcatcagcagaagaagcctgctgcggttcctatacacccagctggaactgtacctgaacaacaaggacgaccagaagcg	3
:399-agcc	3
:389-catct	3
:91*at*ca	3
:241*ag*ga	3
:339-tctgagagaggcggcttccggctgaaagaaaatgtgcagtt	3
:377-gttt	3
:444*ct	3
:372-gtgc	3
:452*at	3
:345-aga	3
:121-tcatgacaacc	3
:138+g	3
:217-tg	3
:359-gctgaaagaaaatgtgcagttt	3
:212-a	3
:347-aggcggcttccggctgaa	3
:357-cggctgaaagaaaat	3
:258-agcctgctgcggttcctatacacccagctggaactgtacctgaacaacaaggacgaccagaagcggtccatcttcc	3
:69*ag	3
:72-gacaacttcagcag	3
:284-gc	3
:191*ca	3
:129-accg	3
:433-acgag	3
:177+act	3
:181-agtgcat	3
:393*tc:1*ca	3
:106-tcctggccggcgtggtcatgacaaccggcacagatgtgaaggacgccaaagtgatcagcgtgtccacc	3
:24*ga	3
:346+g	3
:46*tg	3
:524-a	3
:300-aa	3
:173-cggca	3
:118-tggtcatgacaaccggcacagatgtgaaggacgccaaagtgatcagcgtgtccaccggcaccaagtgcatcaacggc	3
:271-tc	3
:146+t	3
:168*tg*ct*ca	3
:270-ttcctatacacccagctggaactgtacctgaacaacaaggacgaccagaagcggtccatcttccagaagtctgagagaggcggc	3
:171-accgg	3
:141+tc	3
:160-tc	3
:363*at*ag	3
:350+t	3
:352-gcttccggctgaaagaaaatgtgc	3
:113-cggcgtggtcatgacaaccggcacagatgtgaaggacgccaaagtgatcagcgtgtccaccggcaccaagtgcatcaacggcgagtacat	3
:419*gt	3
:335+t	3
:241*at*gc	3
:409-gcga	3
:350-cggcttc	3
:371-tgtgcagt	3
:462*at:1*ag	3
:80-cagc	3
:310*ag*ca	3
:388-acatc	3
:384-ctat	3
:378-tttcaccta	3
:258+c	3
:265-tg	3
:118-tggtcatgacaaccggcacagatgtgaaggacgccaaagtgatcagcgtgtccacc	3
:406-gcg	3
:225*ac*at	3
:241+c	3
:280-cc	3
:369-aatgtgcagtttcacctatacatctccacaagc	3
:320*gt	3
:122*ca	3
:82-gcag	3
:89-tcacgccagaagaaaagtcctggccggcgtggtcatgacaaccggcacagatgtgaaggacgccaaagtgatcagcgtgtccaccggcaccaagtgcatcaa	3
:300*ac:1*ca	3
:462*at:1*ac	3
:131*cg	3
:101-aa	3
:363+a	3
:139-atgtgaaggacgccaaagtgatcagcgtgtccaccggcaccaagtgcatcaacggcga	3
:88*ct	3
:373-tgcagtttcacctatacatctccacaagcccttgcggcgacgctcggatctttagcccccacgagcccatcct	3
:123-atgacaaccggcacagatgtgaaggacgccaaagtgatcagcgtgtccaccggcaccaagtgcatcaacggcgagt	3
:411+a	3
:198+a	3
:171*ac*ct	3
:108-ctggccggcgtggtcatgacaaccggcacagatgtgaaggacgccaaagtgatcagcgtgtccaccggca	3
:199+a	3
:459-gacag	3
:127-caac	3
:431*cg	3
:136-cagat	3
:158-gatcagcgtgtccaccggcaccaa	3
:103+t	3
:447-ga	3
:354*tc:1*ca	3
:5*ct	3
:476*ag	3
:363-aaa	3
:222-ct	3
:332-cc	3
:394*ca*ca	3
:170-caccg	3
:390*at*tc	3
:292*tg*gt	3
:430+t	3
:386-atacatc	3
:172+g	3
:74+t	3
:283-ag	3
:379-ttcaccta	3
:80+c	3
:321-c	3
:342+a	3
:93-gcca	3
:100*gc	3
:438-cccat	3
:402-cctt	3
:347-aggcggc	3
:216*ct	3
:268-gg	3
:504*ag	3
:29*tc	3
:105*ga*tg*ct	3
:109*tc*gt	3
:304*ag*ca	3
:219-gc	3
:217*tg*gt	3
:172-cc	3
:139-atgt	3
:331-tccagaagtctgagagaggcggcttcc	3
:155-agtg	3
:176+c	3
:410-cga	3
:331*tg*ca	3
:310*at	3
:253*gc	3
:200*cg	3
:496*ga	3
:458*cg	3
:389-catc	3
:163*gt*ca	3
:211*gt	3
:419-gat	3
:105*gc:1*ct	3
:154-aag	3
:236-cg	3
:276-tacac	3
:154*at	3
:235*at	3
:354*tg:1*ct	3
:510*ag	3
:195-gag	3
:200-cat	3
:405*tc:1*ca	3
:63-gacct	3
:355-tccg	3
:360*cg*tg	3
:461+c	3
:93-gccaga	3
:172-ccggcac	3
:471-a	3
:227-cgattgccacgccgagatcatcagcagaagaagcctgctgcggttcctatacacccagctggaactgtacctgaacaacaaggacgacc	3
:408-ggcgacg	3
:460-ac	3
:371-tgt	3
:355-tccggctgaaagaaaatgtgcagtttc	3
:92+agc	3
:483*ca	3
:231-tgc	3
:295*at*ca	3
:385*tg	3
:277*ac*ca	3
:463-gacacc	3
:223*tc*gt	3
:405-tgcggcga	3
:72+a	3
:462*at*ga*ac	3
:313*ac*ca	3
:195-gagt	3
:376*ac*ga	3
:269-gtt	3
:86-ccc	3
:132-ggca	3
:252*at	3
:285-ct	3
:242*gt	3
:370-atgtgcagtttcacctatacatctccacaagcccttgcggcgacgctcggatctttagcccccacgagcccatcctg	3
:352-gcttc	3
:95*cg	3
:267*cg	3
:56*at	3
:374-gc	3
:74-caacttcagcagc	3
:138*gc*ag	3
:87-cctcacg	3
:391-tct	3
:102-aaagtcctggccggcgtggtcatgacaaccggcacagatgtgaaggacgccaaagtgatcagcgtgtccaccggcaccaagtgcatcaacggcgagtac	3
:346*gc	3
:334*ac*ga	3
:458-cgacag	3
:374+g	3
:332-ccagaagtctgagagaggcggcttccggctgaaagaaaatgtgcagtttcacctatacatctccacaagcccttgcggcgacgctcggatctttagccc	3
:492*ca	3
:361-tga	3
:405-tgcg	3
:162-agcgt	3
:500-a	3
:249-ag	3
:337-agtctgagagaggcggcttccggctgaaagaaaatgtgcagtttcacctatacatctccac	2
:76-actt	2
:372-gtgcagtttcacctatac	2
:143-gaaggacgccaaagtgatcagcgtgtccaccggcaccaagtgcatcaacggcgagtacatga	2
:229-attgccacgccgagatcatcagcagaagaagcctgctgcggttcctatacacccagctggaactgtacctgaaca	2
:71-cgacaacttcagcagccctcacgccagaagaaa	2
:235*ag	2
:92-cgccagaagaaaagtcctggccggcgtggtcatgacaaccggcacagatgtgaaggacgccaaagtgatcagcgtgtccaccggcaccaagtgcatcaacgg	2
:142-tga	2
:358-ggctgaaagaaaatgtgcagtttcacctatacatctccacaagcccttgcggcgacgctcggatctttagcccccacgagcccatcctgg	2
:235*ac*ca	2
:360-ctgaaagaaaa	2
:163-gcgt	2
:204*ac:1*ca	2
:340-ctgag	2
:434-cgagcccat	2
:332-ccagaagtctgagaga	2
:404*ta	2
:464-acac	2
:225-aacgattgccacgcc	2
:465+t	2
:36*ag	2
:110-ggccg	2
:161-ca	2
:339+a	2
:73-acaactt	2
:82*gc*ct	2
:79+cg	2
:10*ta	2
:124-tg	2
:380+ac	2
:404-ttg	2
:192+g	2
:59*ca	2
:411+t	2
:74-caacttcagcagccctcacgccagaagaaaagt	2
:372*gc*tc	2
:414+t	2
:450*gc	2
:192*gc*ga*ca	2
:78-ttcag	2
:162-agcgtgtccaccggcaccaag	2
:186+cccgccat	2
:216-ct	2
:413-cgct	2
:190*ac*ca	2
:459*ga:1*cg	2
:397*ct	2
:210+g	2
:213-ggac	2
:259-gcct	2
:426-agcc	2
:98-aagaaaagtcctggccggcgtggtcatgacaaccggcacagatgtgaaggacgccaaagtgatcagcgtgtccaccggcacca	2
:71-cgacaacttcagcagccct	2
:95+cacg	2
:461-cag	2
:102+cggcgagtactgcagcgac	2
:106*tg*ca	2
:415-ctc	2
:456-gccga	2
:462+a	2
:416-tcggatct	2
:82-gcagccctcacgccagaagaaaagtcctggccggcgtggtcatgacaaccggcacagatgtgaaggacgccaaagtgatcagcgtgtccaccggcaccaagtgcatcaacg	2
:174+g	2
:365-agaaaatg	2
:448-aa	2
:222*ct*ta	2
:226-acgat	2
:309-gac	2
:15*ct	2
:479*ga	2
:206-cgac	2
:337+tt	2
:456*gc:1*cg	2
:476*at	2
:112*ca*ca	2
:406*gc*ca	2
:412*at	2
:414-gctcg	2
:350-cggctt	2
:277-ac	2
:126-acaaccggcacagatgtgaaggacgccaaagtgatcagcgtgtccaccggcaccaagtgcatcaacggcga	2
:115-gcgtggtcatgacaaccggcacagatgtgaaggacgccaaagtgatcagcgtgtc	2
:157-tgat	2
:356-ccggctgaaagaaa	2
:520*gc	2
:44-c	2
:524*ag	2
:76*ac*ct	2
:81*ag*gc*ca	2
:218-ggccctgaacgattgccacgcc	2
:474*at	2
:179*ct	2
:433*ac*cg	2
:436-agcc	2
:235-acgccgagatcatcagcagaagaagcctgctgcggttcctatacacccagctggaactgtacctgaacaacaaggacgaccag	2
:483*cg	2
:341-tgagag	2
:357-cggctgaaagaaaatgtgcagtttca	2
:51*ga	2
:348-ggcggcttccg	2
:363+c	2
:360*ca:1*ga	2
:69-accga	2
:75*ag:1*ca	2
:93-gccagaag	2
:521*ct	2
:209+c	2
:369*ac*ac	2
:213-ggact	2
:107+c	2
:348-ggcgg	2
:48*ct	2
:391-tctccac	2
:141+c	2
:21*cg	2
:243-at	2
:278-cac	2
:194-cgagt	2
:197-gt	2
:338-gtct	2
:352-gcttccggctgaaagaaaatgtgcagtttcacctataca	2
:7*ag	2
:98-aagaaa	2
:461+t	2
:130-ccggcacagatgtgaaggacgccaaagtgatcagcgtgtccaccggcaccaag	2
:181*ac*ga	2
:198*tg:1*ca	2
:240*ga*ac	2
:143*gc	2
:150+t	2
:201-atgagcgacagaggactggccctgaacgattgccacgccgagatcatcagcagaagaagcctgctgcggttcct	2
:120-gtcatga	2
:134*ca	2
:140-tgtgaaggacgccaaagt	2
:95-cagaagaaaagtcctggccggcgtggtcatgacaaccggcacagatgtgaaggacgccaaagtgatcagcgtgtccaccggcaccaagtgcatcaa	2
:102-aaagtcctggccggcgtggtcatgacaaccggcacagatgtgaaggacgccaaagtgatcagcgtgtcc	2
:336*ac*ac	2
:433*ac*ca	2
:369-aatgtgcagtttcacctatacatctccacaagcccttgcggcgacgct	2
:421+tt	2
:376-agttt	2
:356-ccggc	2
:336-aagtctgagagaggcggc	2
:87+gg	2
:165-gtgtccaccggcaccaagtgcatcaacg	2
:301*ag*ca	2
:357-cggctg	2
:115+t	2
:290+ctt	2
:294-tacctga	2
:342-gagag	2
:360-ctgaaagaaaatgtgcagtttcacc	2
:156-gtgatc	2
:166+gac	2
:108-ctggccggcgtggtcatgacaaccggcacagatgtgaaggacgccaaagtgatcagcgtgtccaccggcaccaagtgcatcaa	2
:281*ct	2
:421-tctttagc	2
:430*ct	2
:290*at	2
:347-aggcggcttccggctgaaagaaaatgtgcagtttcacctatacatctccacaagcccttgcggcgacgctcggatctttagcccccacgagcccatcctggaagaacctgccga	2
:366*gc*ac	2
:257-a	2
:311-cg	2
:329+g	2
:340-ctgaga	2
:436-agccc	2
:216*ca*tc	2
:72-gacaacttcagcagccctcacgccaga	2
:409-gcgac	2
:336-aagtctgagagaggcggcttccggctgaaagaaaa	2
:374+a	2
:88-ctcacg	2
:355-tccggctgaaagaaaatgtgcagtttcacctatacatctccacaagcccttgcggcgacgctcggatctttagcccccacga	2
:397*cg	2
:436+a	2
:163+c	2
:410-cgac	2
:74-caacttcagcag	2
:107-cctgg	2
:383-cctatacatctccacaagcccttgcggcgacgctcggatctttagcccccacgagcccatcct	2
:111-gccggcgtggtcatgacaaccggcacagatgtgaaggacgccaaagtgatcagcgtgtccaccggcaccaagtgcatcaacggcgagtacat	2
:72-gacaacttca	2
:85*gt*ct	2
:108*ct*tc	2
:111-gccggcgt	2
:76-acttcag	2
:117+t	2
:344-gagag	2
:97+t	2
:454*ct	2
:448-aaga	2
:315*ca*ag	2
:372-gtgcagtttcacctatacatctccacaa	2
:73-acaacttcagcagccctcacgccagaa	2
:148*ac*cg	2
:814-c	2
:912*ga	2
:124+gg	2
:288+t	2
:249-agcagaagaagcctgctgcggttcctatacacccagctggaactgtacctgaacaacaaggacgaccagaa	2
:184*gc*ca	2
:331-tccagaagtctgagagaggcggcttccggctgaaagaaaatgtgcagtttcacctatacatctccacaagcccttgcggc	2
:72+t	2
:103-aagtcctggccggcgtggtcatgacaaccggcacagatgtgaaggacgccaaagtgatcagcgtgtccaccggcaccaagtgcatcaacg	2
:207+gacagaggactggccggcgtgt	2
:344-gagaggcg	2
:493*tc	2
:375-cagtttca	2
:93*gc*ct	2
:241-a	2
:383-cctatac	2
:417-cggatc	2
:460-aca	2
:361-tgaaag	2
:293-gtac	2
:120-gtcatgacaaccggcacagatgtgaaggacgccaaagtgatcagcgtgtccaccggcacca	2
:82-gcagccctc	2
:439+tt	2
:448*ac	2
:144+a	2
:151-ccaaagtgatcagcgtgtccaccggcaccaagtgcatcaacggcgagtacat	2
:136*ca	2
:339*tc*ct	2
:112-ccggcgtggtcatgacaaccggcacagatgtgaaggacgccaaagtgatcagcgtgtccac	2
:178-ccaagtgcat	2
:27*gt	2
:368+g	2
:355-tccggctgaaagaaaatgtg	2
:376+ta	2
:198+c	2
:442-tcc	2
:74-caacttcagcagccctcacgccagaagaaaagtcc	2
:8*tc	2
:499*ct	2
:49-t	2
:150*gc*ct	2
:153-aaag	2
:146-ggacgccaaagtgatcagcgtgtccaccggcaccaagt	2
:224-gaacgattgccacgccgagatcatcagcagaagaagcctgctgcggttcctatacacccagctggaactgtacctgaacaacaaggacgaccagaagcg	2
:459*gc*ag*cg	2
:120+t	2
:334+g	2
:204-agcgacagaggactggccctgaacgattgcc	2
:172+c	2
:455*ta	2
:137*at	2
:525*ag	2
:449*at	2
:460*at	2
:391+g	2
:465*ca*ag	2
:529*ct	2
:140-tgtgaaggacgccaaagtgatcagcgtgtccaccggcaccaag	2
:188-ca	2
:98+c	2
:104-agtc	2
:485*gc	2
:148*at	2
:453+g	2
:116*ca	2
:266*ga	2
:403-cttg	2
:75+ct	2
:113-cggcgtggtcatgacaaccggcacagatgtgaaggacgccaaagtgatcagcgtgtccaccggcaccaagtgcatcaacggcgag	2
:94-ccagaagaaaagtcctggccggcgtggtcatgacaaccggcacagatgtgaaggacgccaaagtgatcagcgtgtccac	2
:282*ct	2
:462*ac*gt*ag	2
:488*cg	2
:508*ag	2
:315*ct	2
:375*ct*ac	2
:377-gtt	2
:319*ac*ga	2
:354-ttccggctgaaagaa	2
:375+aca	2
:210-agag	2
:217+gga	2
:104-agtcct	2
:71-cgacaacttcagcagccctcacgccagaagaaaagt	2
:135-acag	2
:111+t	2
:116-cgtggtcatgacaaccggcacagatgtgaaggacgccaaagtgatcagcgtgtccaccggcaccaagtgcatcaacggcga	2
:255-agaagcctgctgcggttcctatacacccagctggaactgtacctgaacaacaaggacgaccagaagcggtccatcttcc	2
:150*gc*cg	2
:391*tc*ct	2
:425*ta	2
:108-ctggccggcgtggtcatgacaaccggcacagatgtgaaggacg	2
:480*gc	2
:340*ct*ta	2
:409*gc*ca	2
:79-tcagc	2
:166-tgt	2
:121+c	2
:484*gt	2
:122-catgacaaccggcacagatgtgaaggacgccaaagtgatcagcgtgtccac	2
:138-gatgtgaaggacgccaaagtgatcagcgtgtc	2
:352*gt*ca	2
:342+atg	2
:384-ctataca	2
:120-gtcat	2
:476-a	2
:73*at	2
:67-t	2
:102-aaagtcctggccggcgtggtcatgacaaccggcacagatgtgaaggacgccaaagt	2
:84-agccctcacgccagaag	2
:270-tt	2
:342-gagagaggcggcttccggctgaaagaaaatgtgcagtttcacctatacatctccacaagcccttgcggcgacgctcggatcttta	2
:224-ga	2
:136-cagatgtgaaggacgccaaagtgatcagcgtgtccaccggcaccaagtgcatcaacg	2
:349-gcggcttccggc	2
:5*ca	2
:180-aag	2
:299-g	2
:87+g	2
:482*ca	2
:200+g	2
:50*at	2
:119-ggtcatgacaaccggcacagatgtgaaggacgccaaagtgatcagcgtgtccaccggcaccaagtgcatcaacggcga	2
:438-cccatcctggaagaacctgccga	2
:417-cggatctttagcccccacgagcccatcctggaagaacctgcc	2
:90-cacgccagaagaaaagtcctggccggcgtggtcatgacaaccggcacagatgtgaaggacgcca	2
:392-ctcc	2
:204+c	2
:341+t	2
:371-tgtgc	2
:338+ctggggcagatgtc	2
:340-ctgagagaggcggcttccggctgaaagaaaatgtgcagtttcacctataca	2
:23*ga	2
:132+a	2
:393*tg:1*cg	2
:99-agaaaagtcctggccggcgtggtcatgacaaccggcacagatgtgaaggac	2
:355-tccggctgaaagaaaa	2
:400*gt*ct	2
:423-ttta	2
:397-caagc	2
:114*gc:1*ca	2
:294*tc:1*ca	2
:137-agatgtgaaggacgccaaagt	2
:161+g	2
:392+g	2
:396-acaagcccttgcggcgacgctcggatctttagcccccacgagcccatcctggaagaa	2
:488*ct	2
:531*gc	2
:162-agcg	2
:334-agaagtctgagagaggcggcttccggctgaaagaaa	2
:212-aggactggccctgaacgattgcca	2
:418-ggat	2
:289-aa	2
:335-gaagtctgag	2
:386-ataca	2
:96-agaa	2
:212*at	2
:282+g	2
:95+a	2
:321*ca:1*ga	2
:345*ag*ga	2
:515*cg	2
:340-ctgagagaggcggcttccggctgaaagaaaatgtgcagtttcacctatacatctccacaagcccttgcgg	2
:473*ct	2
:80-cagcagccctc	2
:123+g	2
:402+g	2
:148+ccaaatc	2
:151+gt	2
:161-cagcgtgtccaccggcaccaagtgcatc	2
:218-ggcc	2
:286*tg*gc	2
:243-atcatcagcagaagaagcctgctgcggttcctatacacccagctggaactgtacctgaacaacaaggacgacca	2
:180*at	2
:72*gc:1*ca	2
:76-acttc	2
:145+g	2
:321*cg:1*gt	2
:346*gt*at	2
:102-aaagtcct	2
:155+c	2
:173-cggcacca	2
:155-agt	2
:173-cggcaccaagtgcat	2
:196-agta	2
:245+g	2
:358-ggctgaaagaaaatgt	2
:511*ga	2
:381-cacc	2
:81-agca	2
:162-agcgtg	2
:437-gccc	2
:247-tcagcagaagaagcctgctgcggttcctatacacccagctggaactgtacctgaacaacaaggacgaccagaagc	2
:207-gacagaggactggccctgaacgattgccacgccgagatcatcagcagaagaagcctgctgcggttcctatacacccagctggaactgtacctgaacaacaaggacgaccagaagcggtccatcttccagaagtct	2
:348-ggcggcttc	2
:100-gaaaagtcctggccggcgtggtcatgacaaccggcacagatgtgaaggacgccaaagtgatcagcgtgtccaccggcaccaagtgcatcaac	2
:468*ca*ca	2
:414*gc:1*tg	2
:381-caccta	2
:64*ac	2
:288-ga	2
:470-ca	2
:270-ttcc	2
:301-acaac	2
:344-gagaggcggcttcc	2
:351+t	2
:299+g	2
:464+c	2
:349+t	2
:518*ag	2
:547-c	2
:553-a	2
:349-gcggctt	2
:211+t	2
:285+c	2
:417*ct*gc	2
:114-ggcgt	2
:208*ac*ca	2
:354*tg:1*ca	2
:339*ta*ct	2
:84+g	2
:133+a	2
:393*ta:1*ca	2
:143-gaagga	2
:185+a	2
:187-tcaac	2
:506*ca	2
:105-gtcctgg	2
:408+t	2
:79*ta*cg	2
:462*ac:1*ag	2
:118+tc	2
:453*ca*ca	2
:521-c	2
:115+a	2
:374-gcagtttca	2
:432+t	2
:273*ct*tc	2
:432+a	2
:123*ac:1*gt	2
:69+cga	2
:76-acttcagcagc	2
:198-tac	2
:221-cct	2
:71-cgacaacttcagcagccctcacgccagaagaaaagtcctggccggcgtggtcatgacaaccggcacagatgtgaaggacgccaaagt	2
:119-ggtcatgacaaccggcacagatgtgaaggacgccaaagtgatcagcgtgtccaccggcaccaagtgcatcaacggcgagtacatgagc	2
:79-tcagcagccctcacgccagaagaaaagtcctg	2
:97+g	2
:83-cagccctcacgccagaagaaaagtcct	2
:50*ag	2
:190*ac*cg	2
:193*gc*ca	2
:435*gc*ac	2
:292*ta*ga	2
:266-gcgg	2
:100-gaaaag	2
:106*ta*ct	2
:163-gcgtgtc	2
:124-tgacaaccggcacagatgtgaaggacgccaaagtgatcagcg	2
:177-accaagt	2
:118-tggtcatgacaaccggcacagatgtgaaggacgccaaagtgatcagcgtgtccaccggcaccaagtgcatcaacggcgagtaca	2
:129-accggcacagatgtgaaggacgccaaagtgatcagcgtgtccaccggcaccaagtgcatc	2
:98*ag	2
:376-agt	2
:387*ta:1*ct	2
:47*gt	2
:434-cgagc	2
:142+t	2
:340+g	2
:469*ct*cg	2
:165-gtg	2
:431-ccacga	2
:245-ca	2
:352*ga*ca	2
:380+c	2
:146-ggac	2
:226-acgattgccacgccgagatcatcagcagaagaagcctgctgcggttcctatacacccagctggaactgt	2
:181*ac*gt	2
:233-cca	2
:121-tcatgacaaccggcacagatgtgaaggacgccaaagtgatcagcgtgtccaccggcaccaagt	2
:359-gctgaaaga	2
:41*ac	2
:72-gacaa	2
:80-cagcagccctcacgccagaagaaaagtcctggccggcgtggtcatgacaaccggcacagatgtgaaggacgccaaagtgatcagcgtgtccaccggcaccaagtgcatca	2
:384-ctatacatctccacaagcccttgcggcgacgctcggatctt	2
:351-ggcttccggctgaaagaaaatgtgcagtttca	2
:382-acctatacatct	2
:300-aacaacaagga	2
:316*ac*ga	2
:71-cgacaacttcagcagccctcacgccagaagaaaagtcctggccg	2
:228-g	2
:138*gt	2
:177-acca	2
:352-gcttccggctgaaagaaaa	2
:368-aaatgtgc	2
:339-tctgagagaggcggcttccggctgaaagaaaatgtgc	2
:378+c	2
:459*gt*at	2
:497-a	2
:318*ag*ag	2
:426+g	2
:360-ctgaa	2
:84-agccctcacgccagaagaaaagtcctggccggcgtggtcatgacaaccggcacagatgtgaaggacgccaaagtgatcagcgtgtccaccggca	2
:14-g	2
:294*tg*at*ca	2
:277-acac	2
:190-acgg	2
:135*ac:1*ag	2
:390+g	2
:139*at	2
:324*tc:1*ca	2
:215*at	2
:121*tg*ct	2
:99+t	2
:243-atcat	2
:250+c	2
:263+g	2
:293-gta	2
:311-cgac	2
:39-a	2
:57*tc	2
:369-aatgtgcagtttcacctatacatctccacaagcccttgcggc	2
:359-gctga	2
:372+g	2
:295-acctg	2
:194-cga	2
:129+c	2
:348-ggcggc	2
:366-gaaaatg	2
:109-tggccggcgtggtcatgacaaccggcacagatgtgaaggacgccaaagtgatcagcgtgtccaccggcaccaagt	2
:83-cagccctcacgccagaagaaaagt	2
:115-gcgt	2
:98+ga	2
:90+a	2
:340-ctgagagaggcggcttccggctgaaagaaa	2
:417*cg	2
:352-gctt	2
:167-gtcca	2
:462*ac*ga*ac	2
:444-ctggaagaa	2
:339-tctgagaga	2
:242-gat	2
:301+c	2
:487*gc	2
:105*gt:1*cg	2
:110-ggccggcgtggtcatg	2
:71-cgacaacttcagcagccctcacgccagaagaaaagtcctg	2
:113+atcag	2
:355-tccggctgaaagaaaatgtgcag	2
:77-cttcagcagcc	2
:92+gtgtc	2
:118+c	2
:358+t	2
:348+t	2
:433*at	2
:292*tc*gt	2
:272*cg	2
:221-cctg	2
:309*ga*ac*ca	2
:470*ca	2
:514*gc	2
:228*gt*ag	2
:87+t	2
:92-cgccag	2
:71+g	2
:93+ta	2
:360-ctgaaaga	2
:418-ggatct	2
:291*ct*ta	2
:342-gagagaggcggcttccg	2
:333*ca*ag	2
:312*ga:1*ca	2
:187-tcaacggcgag	2
:485*gt	2
:118-tggtcatgacaaccggcacagatgtgaaggacgccaaagtgatcagcgtgtccaccggcaccaagtgcatcaacggcgagtacat	2
:127+ccg	2
:130-ccggcacagat	2
:159-atcagcgtgt	2
:71-cgacaacttcagcagccctcacgccagaagaaaag	2
:108+ctgaaat	2
:302+t	2
:87-cctca	2
:120-gtcatgacaaccggcacagatgtgaaggacgccaaagtgatcagcgtgtccaccggcaccaagtgcatcaacggcga	2
:136+g	2
:139-atgtgaaggacgccaa	2
:359-gctgaaagaaaatgtgcagtttcacctatacatctccacaagcccttgcggcgacgctc	2
:70-ccgacaacttcagcagccctcacgccagaagaaaagtcctggccggcgtggtcatgacaaccggcacagatgtgaaggacgccaaagtgatcagcgtgtc	2
:383+t	2
:81-agcag	2
:179-caa	2
:315+a	2
:145+c	2
:157-tgatcagcgtgtccaccggcaccaagtgcatcaacggcgagtaca	2
:31*ca	2
:385-tatacat	2
:369+t	2
:370-atgt	2
:126+t	2
:339*tc:1*ta	2
:358*gt*gc	2
:229*ac*tg	2
:376*ag*ga	2
:404-ttgcg	2
:154-aagtgatcagcgtgtccaccggcacc	2
:162-agcgtgtccaccggcaccaagtgcatcaacggcgagtacatg	2
:138-gatgtgaaggacgccaaagtgatcagc	2
:362-gaaagaaaatgtgcagtttcacc	2
:391+t	2
:365-agaaaatgtgcagt	2
:93-gccagaagaaaagtcctggccggcgtggtcatgacaaccggcacagatgtgaa	2
:338+ttagacttc	2
:340-ctgagagaggcggcttccggctgaaagaaaatg	2
:300*ag:1*ca	2
:353-cttcc	2
:77-cttcag	2
:158-gatca	2
:429*ct	2
:324*tg:1*ca	2
:144*at	2
:297*ca:1*ga	2
:132-ggcacagatgtgaaggacgccaaagtgatcagcgtgtccaccggcaccaagtgcatcaacggcg	2
:378*tg*tg	2
:423-tttagcccccacgagcccatcctggaagaacct	2
:111-gccggcgtggtcatgacaaccggcacagatgtgaaggacgccaaagtgatcagcgtgtccaccggcacca	2
:113-cggcgtggtcatgacaaccggcacagatgtgaaggacgccaaagtgatcagcgtgtccaccggcaccaagtgcatcaa	2
:462*ag:1*ac	2
:291-ct	2
:121-tcatgacaaccggcacagatgtgaaggacgccaaagtgatcagcgtgtccaccggcaccaagtgcatcaacggc	2
:478*ac	2
:195+t	2
:150-gcca	2
:414-gctcggatctttagccccca	2
:451*at	2
:193-gcgagta	2
:307*ag*ga	2
:396+ag	2
:142-tgaaggacgccaaagtgatcagcgtgtccaccggcaccaagtgcatcaacggcgagtacat	2
:456-gcc	2
:117-gtgg	2
:72+cacg	2
:74-caacttcagcagccctcacgccagaagaaaagtcctg	2
:461-cagac	2
:440*cg	2
:405+g	2
:125-gacaaccggcacagatgtgaaggacgccaaagtgatcagcgtgtccaccggcaccaa	2
:340*ca*ta	2
:418-ggatctt	2
:205+t	2
:179-caag	2
:98+ccc	1
:98-aaga	1
:178*ca*ca	1
:82-gcagccctcacgccagaagaaaagtcctgg	1
:146-ggacgc	1
:117+g	1
:315*cg:1*ga	1
:47-g	1
:378*tc*tg	1
:309*gt*ac	1
:412+c	1
:138*ga*at	1
:345*ac*gc	1
:147*gt*ac	1
:87-cctcacgccagaagaaaagtcctggccggcgtggtcatgacaaccggcacagatgt	1
:174*gt*gc	1
:368+t	1
:126*ac*ca	1
:168+a	1
:170+act	1
:173+aatgctaa	1
:177-accaag	1
:187-tcaacggcgagtac	1
:209-cagaggac	1
:216-ctggccctgaacgattgccacgccgagatcatcagcagaagaagcctgc	1
:270-ttcctatacacccagctgga	1
:82-gcagccctcacgccagaagaaaagtcctggccggcgtggtcatgacaaccggcacagatgtgaaggacgccaaagtgatcagc	1
:75-aacttcagcagccctca	1
:328+tc	1
:175-gcac	1
:138*ga*ag	1
:72*ga:1*ca	1
:333*cg:1*ga	1
:95-cagaagaaaagtcctggccggcgtggtcatgacaaccggcacagatgtgaaggacgccaaagtgatcagcgtgtccaccggcaccaagtg	1
:29*tg	1
:125-gaca	1
:192-ggcgagta	1
:202+tac	1
:189-aacgg	1
:144*at:1*ga	1
:297*cg:1*ga	1
:159*ac*tc*ca	1
:228*gt*ac	1
:86-ccctca	1
:626*ta	1
:718*ac	1
:724*gc	1
:734*gt	1
:758*ga	1
:958*ga	1
:137-agatg	1
:277*at*cg	1
:148-acgccaaagtgatcagcgtgtccaccggcaccaagtgcatcaacggc	1
:82-gcagccctcacgccagaagaaaagtcctggccggcgtggtcatgacaaccggcacagatgtgaaggacgccaaagtgatcagcgtgtccaccggcaccaagtgcatcaac	1
:239-cgagatcatcagcagaagaagcctgctgcggttcctatacacccagctggaactgtacctgaacaacaaggacgaccagaagcggtccatcttcca	1
:230+t	1
:384-ctatacat	1
:398-aag	1
:306*ac*ac	1
:452-acctgccg	1
:15*cg	1
:82-gcagccc	1
:133-gcac	1
:138*gc:1*ta	1
:67-tgaccgacaacttcagcagccctcacgccagaagaaaagtcctggccggcgtggtcatgacaaccggcacagatgt	1
:158+ccc	1
:159-atcagcgt	1
:213-gg	1
:392-ctccacaagcccttgcggcgacgctcg	1
:82-gcagccctcacgccagaagaaaagtcctggccggcgtggtcat	1
:184-gcatcaacggc	1
:82-gcagccctcac	1
:487*gt	1
:496*gt	1
:266-gcggttcc	1
:468+ccaacagaaaggcccggggccagctggaagaacctgccgacagaca	1
:195*ga*ag	1
:84-agccctcacgccagaagaaaagtcctggccg	1
:145-aggacgccaaagtgatcagcgtgtccaccggcaccaagtgcatcaacggcg	1
:239-cgagat	1
:221+g	1
:236-cgccgagatcatcagcagaagaagcctgctgcggttcctatacacccagctggaactgtacctgaac	1
:78*ta:1*ct	1
:168-tccaccggcaccaagtgcatcaacggcgagtaca	1
:397*cg*ag	1
:67*tc	1
:359-gctgaaagaaaatgtgcagtttcacctatacatctccacaagcccttgcggcgacgctcggatctttagcccccacgagcccatcctggaagaacctgcc	1
:281*cg	1
:246+a	1
:126-acaaccggcacagatgtgaaggacgccaaagtgatcagcgtgtccaccggcaccaagtgcatca	1
:459+t	1
:501*ag	1
:198*tg:1*ct	1
:60*ga	1
:189*ac*at	1
:84+a	1
:144-aaggacgccaaagtgatcagcgtgtccaccggcaccaagtgcatcaacggcga	1
:201*at:1*ga	1
:343-agagaggc	1
:439*ca*ct	1
:218-ggccctgaacgattgccacgccgagatcatcagcagaagaagcctgctgcggttcctatacacccagctggaactgtacctgaacaacaa	1
:223*tg*gc	1
:21*ct	1
:391*tg*cg	1
:358*ga*ga	1
:298*tc*gt	1
:68*gc	1
:474+a	1
:22*tg	1
:92-cgccagaagaaaagtcctggccggc	1
:295*ag*ct	1
:142-tgaaggacgccaaagtgatcagcgtgtccaccggcaccaagtgcatcaa	1
:174*gc*gt	1
:183-tgcatcaacggcga	1
:222+g	1
:497*at	1
:469*cg	1
:509*ac	1
:362-gaaagaaaatgtgcagtttcacctatacatc	1
:274*tg*ac	1
:153+a	1
:185-catcaacggcga	1
:338-gtctgag	1
:367-aaaatgt	1
:285*cg*tg*ga	1
:289*at*ac	1
:320-gcggtc	1
:338+cg	1
:168*ta*cg*cg	1
:186*at*tc	1
:283*ag*gc	1
:342-gagagaggcggcttccggctgaaagaaaatgtgca	1
:403-cttgcggcgacgctcggatctttag	1
:335-gaagtct	1
:373-tgcagtttcacctata	1
:219+t	1
:34*tc	1
:90-cac	1
:351-ggctt	1
:62*ca	1
:103+c	1
:165+a	1
:166-tgtc	1
:525*at	1
:320-gcg	1
:403+t	1
:473*cg	1
:37*gt	1
:382-acctatacat	1
:88-ctcacgccagaagaaaagtcctggccggcgtggtcatgacaaccggcacagatgtgaaggacgccaaagtgatcagcgtgtccaccg	1
:343-agaga	1
:366-gaaaatgtg	1
:145*ag*ga	1
:171*ac:1*cg	1
:177*ac*cg	1
:324*tc*ct	1
:319*at*ga	1
:409+t	1
:307+g	1
:443-cctg	1
:448*at*ac	1
:355-tccggctgaaaga	1
:120-gtcatgacaaccggcacagatgtgaaggacgccaaagtgatcagcgtgtccaccggcaccaagt	1
:152-caaagtgatcagcgt	1
:151-cc	1
:154-aagtgatcagcg	1
:54-a	1
:71+t	1
:73-acaacttcagcagccctcacgcc	1
:103-aagtcctggc	1
:486*ga	1
:382-acctata	1
:390*at:1*ca	1
:364*ac*at	1
:502*ac	1
:396*at*cg	1
:158-gatcag	1
:342-gagagaggcggcttccggctgaaagaaaatgtgcag	1
:380+cggcctgc	1
:351-ggcttccggctgaaa	1
:382-acctatacatctccacaagcccttgcggcg	1
:255*at	1
:379+cg	1
:412-acgctcggatctttagcccccacgagcccatcctggaagaacctgccgacaga	1
:295+c	1
:298-tg	1
:365-agaaaatgtg	1
:409-gcgacgc	1
:362+ta	1
:366-gaaaatgtgcagtttcacctatacatct	1
:196*at*gc	1
:316-ag	1
:308+g	1
:127+cac	1
:131-cggca	1
:446-ggaa	1
:304*ac*ca	1
:426-agcccccacgag	1
:449+g	1
:438-cccatc	1
:131-cggcacagatgtgaaggacgccaaagt	1
:78+ctg	1
:345*ac:1*at	1
:121-tcatgacaaccggcacagatgtgaaggacgccaaagtgatcagcgtgtccaccggcaccaagtgcatcaacggcgagtaca	1
:166*tc*gt	1
:353-cttccggctgaaagaaaatgtgcagtttcacctatacatctccacaagcccttgcggcgacgctcggatctttagcccccacgagcccatcctggaagaacctgccgacagacacc	1
:411-gacgctcgga	1
:226+c	1
:431-ccacgagcccatcctggaagaacctgccgaca	1
:342*ga*ag*ga	1
:345*ag*ga*at	1
:282*ca:1*ga	1
:374-gcagtttcacctatacatctccacaagcccttgcggcgacgctcggatctttagcccccacg	1
:141-gtgaaggacgccaaa	1
:265*tg*gt	1
:327*ac*tg	1
:397+cc	1
:355+cgag	1
:153*ag*at*ac	1
:181+c	1
:329+ctcta	1
:332-ccagaagtctgagagaggcggcttccggctgaaagaaa	1
:358-ggctg	1
:350-cggcttcc	1
:324*ta:1*ct	1
:436*ac*ga	1
:183*ta*gc*cg	1
:348*gc:1*ct	1
:353-cttccggctgaaagaaaa	1
:384-ctatacatctcca	1
:190+g	1
:86+cct	1
:118-tggtcatgacaaccggcacagatgtgaaggacgccaaagtgatcagcgtgtccaccggcaccaagtgca	1
:240*ga*ag	1
:647*tc	1
:733-t	1
:744-a	1
:760-ac	1
:763*ta*gt	1
:783-a	1
:786*at	1
:791*ac	1
:805-tc	1
:807*tc	1
:846*tg	1
:862*cg	1
:868*ga	1
:898*cg	1
:903*gt	1
:907*ag	1
:71+aaa	1
:76-acttcagcagccctcacgc	1
:88-ctcacgccagaagaaaagtcctggccggcgtggtcatgacaaccggcacagatgtgaaggacgccaaagtgatcagcgtgtccaccggcaccaagtgcatcaacgg	1
:154*ag*ag	1
:355*ta*ct	1
:351+gctggag	1
:356+aa	1
:358-ggctgaaagaaaatgtgcagtttcacctatacatctcca	1
:87-cctcacgccagaagaaaagtcctggccggcgtggtcatgacaaccggcacagatgtgaaggacgccaaagtgatcagcgt	1
:316+a	1
:184-gcatc	1
:130+g	1
:75-aacttcagcagccct	1
:524*at	1
:270*tc:1*ct	1
:283-agct	1
:299-ga	1
:331-tcca	1
:129*ac:1*cg	1
:167+g	1
:292*tg*ga	1
:459*ga*at*cg	1
:437+g	1
:484-gg	1
:450*ga*ag	1
:494*gc	1
:120-gtcatgacaaccggcacagatgtgaaggacgccaaagtgatcagcgtgtccaccggcaccaagtgcatcaac	1
:180+tg	1
:332+c	1
:204-agcgacagaggactggccctgaacgattgccacgccgagatcatcagcagaagaagcctgctgcggttcctatacacccagctggaactgtacctgaacaacaaggacgaccagaagcggtccatc	1
:70-ccgacaacttcagcagccctcacgccagaagaaaagtc	1
:109+gcgtgat	1
:387-tacatct	1
:396+gg	1
:456+g	1
:117*gc:1*gc	1
:21*ca	1
:369*ag:1*ta	1
:412*ac*cg	1
:109-tggccggcgtggtcatgacaaccggcacagatgtgaaggacgccaaagtgatcagcgtgtccaccggcaccaagtgcatcaacggcgagtacat	1
:214*gc*at	1
:157-tgatcagcgtgtccaccggcaccaagtgcatcaacggcgagtacatgagc	1
:351*ga*gt*ca	1
:172*cg*ct	1
:72+at	1
:75-aactt	1
:131-cggcacagatgtgaaggacgccaaagtgatcagcgtgtccaccggcaccaagtgcatcaacgg	1
:359-gctgaaagaaaatgtgcagtttcacctatacatctccacaagcccttgcggcgacgctcggatctttagcccccacga	1
:16*ag	1
:202-tgagcgacagaggactggccctgaacgattgccacgccgagatcatcagcagaagaagcctgctgcggttcctatacacccagctggaactgtacc	1
:62*cg	1
:75*ac*at	1
:93*gc:1*cg	1
:108*cg:1*gc	1
:151*ca*ca	1
:171*ac*cg	1
:216*cg:1*gc	1
:294*tc*ag	1
:231-tgccacgccgagatcatcagcagaagaagcctgc	1
:505*tg	1
:6*cg	1
:366-gaaaatgtgcagtttcacctatacatctccacaagcccttgcggcgac	1
:435-gagcccat	1
:444+t	1
:160-tcagcgtg	1
:346-gagg	1
:76-acttcagcagccctcacg	1
:208-aca	1
:85-gccctcacgccagaagaaaagtcctggccggcgtggtcatgacaaccggcacagatgtgaaggacgccaaagtgatcagcgtgtccacc	1
:87+ta	1
:156*gt*ta	1
:154*ac*ag	1
:354-ttccggctga	1
:381-cacctatacatctc	1
:155+t	1
:96-agaaga	1
:108+gt	1
:244-tcat	1
:271-tcctatacacccagctggaa	1
:303+t	1
:117*ga*tg*gt	1
:297*cg*tc	1
:321*ca*gc	1
:138*gc*at	1
:166*tg*gt	1
:191+c	1
:211*ga*at	1
:447+t	1
:465*ca*at	1
:319*ag*gt	1
:351*gt*gc	1
:360*ca*tc*ga	1
:88-ctcacgccagaagaaaagtcctggccggcgtggtcatgacaaccggcacagatgtgaaggacgccaaagtgatcagcgtgtccaccggcaccaagt	1
:373-tgcagtttcacctatacatctccacaagcccttgcggcgacgctcggatctttagcccccacgagc	1
:443-cctgg	1
:522*ag	1
:101-aaaagtcctggccggcgtggtcatgacaaccggcacagatgtgaaggacgccaaagtgatcagcgtgtccaccggcaccaa	1
:5*cg	1
:180*ac:1*ga	1
:29*ta	1
:94-ccagaagaaaagtcctggccggcgtggtcatgacaaccggcacagatgtgaaggacgccaaagtgatcagcgtgtccaccggcac	1
:135*ac*ca	1
:165+g	1
:168*tg*ct	1
:383-cctatacatctccacaagcccttgcggcgacgctcggatctttag	1
:330+t	1
:135-acagatgtgaaggacgccaaagtgatcagcgtgtccaccggcaccaagtgcatcaacggcgagtacatga	1
:272+c	1
:324*tc*cg	1
:342-gagagaggcggcttccggctgaaag	1
:370+gc	1
:285+catgctaagcagaagaagccggctgcggttcttatcaacccac	1
:297*ca*tg*ga	1
:162*ag*gt	1
:160-tcagcgt	1
:205-gcg	1
:338-gtctgagagaggcggcttcc	1
:406+c	1
:412-acgct	1
:147-gacgccaaagtgatcagcgtgtccaccggcaccaagtgcatcaacggcgagtacat	1
:363*ag*at	1
:83-cagccctcacgccagaagaaaagtcctggccggcgtggtcatgacaaccggcacagatgtgaaggacgccaaagtgatcagcgtgtccaccggcaccaagtgcatcaacggcga	1
:90+gc	1
:95-cagaagaaaagtcctggccggcg	1
:127+c	1
:345-agaggcggcttccggctgaaagaaaatgtgcagtttcacctatacatctccacaagcccttgcggcgacgctcggatctttagcccccacga	1
:483-cg	1
:296-cctg	1
:303+aaag	1
:395+a	1
:352+a	1
:122-catgacaac	1
:137+cg	1
:208-acagagga	1
:217*tg*gc	1
:55*ag	1
:320+c	1
:324-tcc	1
:75*ag*ac*cg	1
:121+cc	1
:400-gccctt	1
:324*ta:1*ca	1
:324*tc:1*cg	1
:215-actggccctgaacgattgccacgccgagatcatcagcagaagaagcctgctgcggttcctatacacccagctggaactgtacctgaacaacaaggacgaccaga	1
:81+gag	1
:169+cc	1
:176-cacc	1
:468*cg*ca*cg	1
:190-acggcgagtacatgagcgacagaggactggccctgaacgattgcc	1
:243-atcatcagcagaagaagcctgctgcggttcctatacacccagctggaactgtacct	1
:61*gt	1
:269-gttcctata	1
:72*gt*ag*ca	1
:95-cagaagaaaagtcctggccggcgtggtcatgacaaccggcacagatgtgaaggacgccaa	1
:394+cacc	1
:140-tgtgaaggacgccaaagtgatcagcgtgtccacc	1
:333-cagaagtctgagagaggcggcttccggctgaaagaaaatgtgcagtttcacctatacatctccacaagcccttgcggcga	1
:360-ctgaaagaaa	1
:385-tatacatctcca	1
:262*tg*gt	1
:353-cttccggctgaaagaaaatgtgcagtttcacct	1
:51+g	1
:116-cgt	1
:180*ag:1*ga	1
:193+c	1
:59*ct	1
:420-atct	1
:377-gtttcacctatacatctccacaagcccttgcggcgacgctcggatctttagcccccac	1
:85-gccctcacgccagaagaaaagtcctggccggcgtggtcatgacaaccggcacagatgtgaaggacgccaaagtgatcagcgtgtccaccggcaccaagtg	1
:174-ggcaccaa	1
:186+tg	1
:106+c	1
:22*tc	1
:163-gcgtgtcc	1
:181-agtg	1
:225-aacgattgccacgccgagatcatcagcagaagaagcctgctgcggttcctatacacccagctggaactgtacctgaacaacaaggacgaccagaagcggtccat	1
:91-acgccagaagaaaagtcctggccggcgtggtcatgacaaccggcacagatgtgaaggacgccaaagtgatcagcgtgtccaccggcaccaagtgcatcaacg	1
:357-cggctgaaagaaaatgtgcagtttcacctatacatctccacaagcccttgcggcgacgctcggatctttagcccccacgagcccatcctggaagaacctgccg	1
:246-atcagca	1
:326-catct	1
:78*tg	1
:177*ag:1*ca	1
:347-aggcggcttccggctgaaagaaaatgtgcagtttcacctatacatctccacaagcccttgcggcgacgctcggatctttagcccccacga	1
:88+a	1
:105-gtcctg	1
:179+gg	1
:368+ttg	1
:369-aatgtgcag	1
:133-gcacagatgtgaaggacgccaaagtgatcagcgtgtccaccggcaccaagtgcatcaacggcgagtaca	1
:79*tc*cg	1
:161-cagcgtgtccaccggcaccaagtgcatcaacggcgagtacatga	1
:123+at	1
:520-gca	1
:71-cgacaacttcagcagccctcacgccagaagaaaagtcctggccggcgtggtcatgacaaccggcacagatgtgaagga	1
:164+a	1
:88*ct*ta	1
:423*tg:1*ta	1
:227-cg	1
:253-g	1
:214-gactggccctgaacgattgccacgccgagatcatcagcagaagaagcctgctgcggttcctatacacccagctggaactgtacctgaacaacaaggacgaccagaagc	1
:79-tcagcagccctcacgccagaagaaaagtcctggccggcgtggtcatgacaaccggcacagatgtgaaggacgccaaagtgatcagc	1
:340-ctgagaga	1
:355-tccggctg	1
:427-gccccc	1
:435+atca	1
:87-cctcacgccagaagaaaagtcctggccggcgtggtcatgacaaccggcacagatgtgaag	1
:356-ccggctgaaagaa	1
:75*ac:1*ca	1
:78*tc:1*ct	1
:193-gcga	1
:118+a	1
:507*ga:1*ag	1
:285*ct	1
:306*ag:1*ga	1
:100+g	1
:396+g	1
:386+ta	1
:394-ccacaag	1
:379*ta*tg	1
:389*cg	1
:119-ggtca	1
:155-agtgatcagcgtg	1
:172+gtt	1
:340*ct*tg	1
:382*ac*ct	1
:338-gtctgagagaggcggcttccggctgaaagaaaatgtgcagtt	1
:383+gcagacttc	1
:361-tgaaagaaaat	1
:67*tg	1
:370+g	1
:358-ggctgaa	1
:453-cct	1
:113+cgcg	1
:125-gacaaccgg	1
:222*ca*tc	1
:195-gagta	1
:352-gcttcc	1
:423*ta*tc	1
:303*ag:1*ca	1
:351*ga:1*cg	1
:239-cgagatcatcagcagaagaagcctgctgcggttcctatacacccagctggaactgtacctgaacaacaaggacgaccagaagcggtccat	1
:381-cacctatacatctccacaagcccttgcggc	1
:365+g	1
:109*tg*gc	1
:521*cg	1
:526*tg	1
:373-tgcagtttcac	1
:447*gt	1
:31*cg	1
:206+c	1
:272-ccta	1
:288-gaac	1
:312-ga	1
:297-ct	1
:226*ac*ct	1
:120+c	1
:276*tc:1*ca	1
:360-ctgaaagaaaatgt	1
:117-gtggtcatgacaaccggcacagatgtgaaggacgccaaagtgatcagcgtgtccaccggcaccaagtgcatcaacggcga	1
:144-aaggacgccaaagtgatcagcgtgtccaccggcaccaagt	1
:32*ct	1
:366-gaaaatgt	1
:437+t	1
:96+gg	1
:181*ag*gt	1
:58*tc	1
:267*ct*gt	1
:171+g	1
:516-ga	1
:122-catgacaaccggc	1
:140-tgtgaaggacgccaaagtgatcagcgtgtccaccggcaccaagtgcatcaacggcgagtacatgag	1
:354*ta:1*ct	1
:205+g	1
:180*ac*ac	1
:148+a	1
:391*tg*ca	1
:414+at	1
:77-cttcagcag	1
:145+cc	1
:400+aagagt	1
:345+c	1
:418-gg	1
:89-tcacgccagaagaaaagtcctggccggcgtggtcatgacaaccggcacagatgtgaaggacgccaaagtgatcagcgtgtccaccggcaccaa	1
:218-ggc	1
:247-tcagcagaagaagcctgctgcggttcctatacacccagctg	1
:86-ccctcacgccagaagaaaagtcctggccggcgtggtcatgacaaccggcacagatgtgaaggacgccaaagtgatcagcgtgtccaccggcaccaagtgcatcaa	1
:422+g	1
:306*at	1
:387*tg:1*ca	1
:270*tg:1*ct	1
:324*tg:1*ct	1
:213-ggactggccctgaacgattgccacgccgagatcatcagcagaagaagcctgctgcggttcctatacacccagct	1
:357*cg:1*ga	1
:351+ttt	1
:358-ggctgaaagaaaatgtgcagtttcacctat	1
:275-atacacccagctggaactgtacctgaacaacaaggacgaccagaa	1
:157+c	1
:110-ggcc	1
:174*gc*ga*ct	1
:494*gt	1
:78+a	1
:211-gaggact	1
:347-aggcggcttccggctgaaagaaaatgtgcagtttca	1
:387+agcaatt	1
:361-tgaaagaaaatgtgcagtttcacctatacatctccacaagcccttgcggcgacgctcggatctttagcccccacgagcccatcct	1
:460*at*cg	1
:93*ga:1*cg	1
:168*tg:1*ct	1
:173+tca	1
:439*cg*ca	1
:27*ga:1*tc	1
:282*ca*ac	1
:471*ac*ac	1
:304*ac*cg	1
:104-agtcctggccggcgtggtcatgacaaccggcacagatg	1
:339*ta:1*ta	1
:116-cgtggtcatgacaaccggcacagatgtgaaggacgccaaagtgatcagcgt	1
:239*cg	1
:359+c	1
:260-cc	1
:273-ctataca	1
:293-gtacctga	1
:306+a	1
:118-tggt	1
:337-agtctgagagaggcggcttccggctgaaagaaaatgtgcagtttcacctatacatctccacaagcccttgcggcgacgctcgg	1
:460-acaga	1
:236-cgc	1
:263-gctg	1
:276-tac	1
:202-tgagcgacagaggactggccctgaacgattgccacgccgagatcatcagcagaagaagcctgctgcggttcctatacacccagctggaactgtacctgaacaacaaggacgaccagaagcggtccatcttccagaag	1
:414-gctcgga	1
:426*at*gc	1
:232+tcgag	1
:240-gagatca	1
:362+cgc	1
:171*ag*ct	1
:210*ag*ga	1
:219*gc*ct	1
:125+g	1
:180*ag*ac*gt	1
:182-gtgcat	1
:198*tc*at	1
:157*tg*gt	1
:103-aagtc	1
:172-ccggc	1
:276-t	1
:189-aacggcg	1
:482-ccg	1
:498-ac	1
:509-aagcg	1
:517+c	1
:526-t	1
:533-gc	1
:535*gc	1
:538-g	1
:563-c	1
:567-g	1
:569*gc	1
:576-g	1
:588-c	1
:749*ca	1
:769*ca	1
:366-gaaaatgtgcagtttcacctat	1
:391*ta*ct	1
:79-tcagcagccctca	1
:90*ct:1*ct	1
:239-cgagatcatcagcagaagaagcctgctgcggttcctatacacccagctggaactgtacctgaacaaca	1
:159+c	1
:70-ccgacaacttcagcagccctcacgccagaagaaaagtcc	1
:18*ga	1
:384*ct*tc	1
:390*ac*tg	1
:421*tg*cg	1
:444*cg:1*ga	1
:493*tg	1
:318*ag:1*ga	1
:88-ctcacgccag	1
:117*ga:1*gt	1
:473+t	1
:74-caacttcagcagccc	1
:91*ac*ct	1
:52*gt	1
:491*gt	1
:170-caccgg	1
:507*gt	1
:288*gt*ac	1
:335-gaagtctgagagaggcggcttccg	1
:366*gc*at	1
:373-tgcagtttcacc	1
:348-ggcggcttccgg	1
:81-agcagccctcacgccagaagaaaagtcctgg	1
:148*ag*ct	1
:123-atgacaa	1
:66*ct	1
:68-gaccgacaacttcagcagccctcacg	1
:108+g	1
:177*ac:1*ca	1
:349*ga*ct	1
:373*ta*ga	1
:334+aact	1
:336-aagtctgagagaggcggcttcc	1
:367-aaaatgtgca	1
:381-cacctatacatctccacaagcccttg	1
:349-gcggct	1
:367-aaaa	1
:261-ct	1
:293+a	1
:298-tgaacaacaagg	1
:99-agaaaagtcctggccggcgtggtcatgacaaccggcacagatgtgaaggacgccaaagtgatcagcgtgtccaccggcaccaag	1
:350+cct	1
:115-gcgtggtcatgacaaccggcacagatgtgaaggacgccaaagtgatcagcgtgtccaccggcaccaagt	1
:203+g	1
:288*ga*ag	1
:292*tg*gc	1
:352-gcttccggctgaaaga	1
:388-acatctc	1
:431-ccacgagcccatcctggaagaacctgccgacagacaccccaacagaaaggcccgggg	1
:96-agaagaaaagtcctggccggcgtggtcatgacaaccggcacagatgtgaaggacgccaaagtgatcagcgt	1
:28*ag	1
:204*ag:1*cg	1
:351-ggcttccgg	1
:364+ctg	1
:221-cctgaacgattg	1
:165-gtgtccaccggcaccaagtg	1
:120-gtcatgacaaccggcacagatgtgaaggacgccaaagtgatcagcgtgtccaccggcaccaagtgcatcaacggcgagtacatgagcgac	1
:352-gcttccggc	1
:227-cgattgc	1
:73-acaacttcagcagccctcacgccagaagaaaagtcc	1
:499*cg	1
:426+c	1
:228*gc*ag	1
:287+agagaataagcagaaaaagccgggtgcgatgcctgtacacccagca	1
:343*ac*ga	1
:376*at*ga	1
:411*gt*ac	1
:341+ga	1
:343-agagaggcggcttccggctgaaagaaaatgtgcagtttcacctatac	1
:160*tc*cg	1
:171*ag:1*cg	1
:190-acggcgagtacatgagcgacagaggactggccct	1
:106-tcctggccggcgtggtcatgacaaccggcacagatgtgaaggacgccaaagtgatcagcgtgtccaccggcaccaagtgcatcaacggcgagt	1
:269-gttcctatacacccagctggaactgtacctgaacaacaaggacgacc	1
:346-gaggcggcttccggctgaaagaaaatgtgcagtttcacctatac	1
:392+cggcgaagtcagtcaata	1
:336*at*at	1
:448*ag*ag	1
:456*gc*ct	1
:261+ata	1
:216*cg*tc	1
:350-cggcttccggctgaaa	1
:105-gtcctggccggcgtggtcatgacaaccggcacagatgtgaaggacgccaaagtgatcagcgtgtccacc	1
:334-agaagt	1
:363-aaagaaaatgtgcagtttcacctatac	1
:399+g	1
:129-accggcacagatgtgaaggacgccaaagtgatcagcgtgtccaccggcaccaagtgcatcaacggcgagtacat	1
:102-aaagtcctg	1
:350-cggcttccggc	1
:365-agaaaatgtgcagtt	1
:133+c	1
:232-gccacg	1
:255-agaagc	1
:303-aaca	1
:71-cgacaacttcagca	1
:357-cggctgaaagaaaatgtgcagtttcacctat	1
:110-ggccggcgtggtca	1
:130-ccg	1
:459*gt*ag*cg	1
:341-tgagagaggcggcttccggctgaaagaaaatgtgcagtttcacct	1
:380-tcacctatacatctccacaagcccttgcggcgacgctcggatctttagcccccacgagcccatcctggaagaacctgccgac	1
:202*ta*ga	1
:106*ta*ca	1
:92+ac	1
:251-cagaagaagcc	1
:297*cg*tg	1
:310*ac*cg	1
:339*tc:1*tg	1
:385*tc*ag	1
:339+cgc	1
:341-tgag	1
:368-aaatgtgcag	1
:381*ct*ac	1
:302*ct	1
:328*tg*cg	1
:226-acg	1
:297+a	1
:298-tga	1
:339+ggt	1
:343-agagaggcggcttccggctgaaagaaaatgtgcagtt	1
:358-ggctgaaagaaaat	1
:364-aagaaaatgtgcagtttcacctatacatc	1
:260-cctgctgcggttcctatacacccagctggaactgtacctgaacaacaaggac	1
:396+ca	1
:111+a	1
:338-gtctgagagaggcggcttccgg	1
:367*ag*at	1
:428+a	1
:108*ct*tg*gt	1
:349-gcggcttccggctgaaagaaaatgtgcagtttcac	1
:386+cgg	1
:391+gtgagt	1
:96+tgg	1
:84*ac*gt	1
:89-tcacgccaga	1
:161-cagcg	1
:195+a	1
:136+agtcc	1
:137-agatgtg	1
:349-gcggcttccggctgaaagaaaatgtgcagtt	1
:451*ac	1
:98-aagaaaagtcctggccggcgtggtcatgacaaccggcacagatgtgaaggacgccaaagt	1
:192-ggcg	1
:374+cag	1
:186*ac:1*ct	1
:351+tcta	1
:356-ccggctgaaagaaaatgtgca	1
:719*ct	1
:751+t	1
:753+c	1
:758-ggacctg	1
:771-c	1
:776-tac	1
:789-c	1
:796-tgag	1
:806-ctc	1
:810*ac	1
:836-gg	1
:845*ct	1
:847-tcag	1
:852*gc	1
:368-aaatgtgcagtttcacc	1
:171-accggcaccaagtgcatcaacggcg	1
:468+a	1
:208-acagaggactggccctgaacgattgccacgccgagatcatcagcagaagaagcctgctgcggttcctatacacccagctggaactgtacctgaacaacaaggacgaccaga	1
:352*gc*ct	1
:357*cg*gc	1
:301*ac*cg	1
:387*tg*ag*cg	1
:423*ta*tg	1
:505*ta	1
:513*ga*ga	1
:489*ca	1
:290-actg	1
:298*ta*ga	1
:337+gc	1
:356-ccggctgaaa	1
:375-cagtttcacct	1
:291*ca:1*ga	1
:337-agtct	1
:395+ga	1
:448*at	1
:462-aga	1
:115-gcgtggtcatgacaacc	1
:237*gc*cg	1
:436+c	1
:73-acaacttcagcagccctcacgccagaagaaaagtcctggccggcgtggtcatgacaaccggcacagatgtgaaggacgccaaagtgatcagcgtgtccaccggca	1
:369-aatgtgcagtttcacctatacatctccacaagcccttg	1
:357-cggctgaaa	1
:373-tgcagtttcacctatacat	1
:95-cagaagaaaagtcctggccggcgtggtcatgacaaccggca	1
:294*ta:1*ca	1
:93*gt*cg*ca	1
:503*gt	1
:364+ac	1
:243*at*tc	1
:352*gc*cg	1
:355-tccggctgaaag	1
:213*gc:1*at	1
:150+a	1
:122-catgacaaccggcacagatgtgaaggacgccaaagtgatcagcgtgtccaccggcaccaagtgcatcaacggcga	1
:398-aagcccttg	1
:430-cccacg	1
:457-ccga	1
:70-ccgacaacttcagcagccctcacgccagaagaaaagtcctggc	1
:115+tt	1
:340*cg*ta	1
:282-cag	1
:267+ta	1
:403+a	1
:154-aagtg	1
:349+a	1
:373+ctt	1
:375-cagtttcacctatacat	1
:409+a	1
:413-cgctcggatc	1
:459*ga*ag	1
:113-cggcgtg	1
:382-acctataca	1
:395+t	1
:26*tc	1
:99*ac*gc	1
:104-agtcc	1
:351-ggcttccggctgaaagaaaatgtgcagtttcacctatacatctccacaagcccttgcggcgacgctcggatcttta	1
:446+c	1
:368-aaat	1
:183-tgc	1
:115-gcgtggtcatgacaaccggcacagatgtgaaggacgccaaagtgatca	1
:338+acg	1
:158+g	1
:352+c	1
:380+g	1
:348+gc	1
:108-ctggccggcgtggtcatgacaaccggcacagatgtgaaggacgccaaagtgatcagcg	1
:409-gcgacgct	1
:348+c	1
:329-cttccagaagtctgagagaggcgg	1
:365+cgcc	1
:370-atgtgcagttt	1
:480*gc*ct*cg	1
:527-c	1
:535+t	1
:846*ta*tc	1
:359+ct	1
:400+t	1
:403+tgg	1
:324*tg*cg*ca	1
:286+t	1
:360*cg*tc	1
:408*gt*gc*ca	1
:211-gaggactggccctgaacgattgccacgccgagatcatcagcagaagaagcctgctgcggttcctatacacccagctggaactgtacctgaacaacaaggacgaccagaagcggt	1
:474*ac	1
:75-aacttcagcagccctcacgccagaagaaaagt	1
:124-tgacaaccggcacagatgtgaaggacgccaaag	1
:98-aagaaaagtcctggccggcgtggtcatgacaaccggcacagatgtgaaggacgccaaagtgatcagc	1
:136-cagatgtgaaggacgccaaagtgatcagcgtgtccaccggcaccaagtgcatcaacgg	1
:380-tcaccta	1
:290-actgt	1
:295*at*ct	1
:379-ttcac	1
:396-aca	1
:103-aagtcctggccggcgtggtcatgacaaccggcacagatgtgaag	1
:339*tg*ct	1
:379*tc*tc	1
:433*ac*ct	1
:102*at	1
:395-cacaag	1
:452-acctgc	1
:260-cctgctgcggttcctatacacccagctggaactgta	1
:358+a	1
:86-ccctcacgccagaaga	1
:373-tgcagtttcacctatacatctccacaagcccttgcggc	1
:232-gcc	1
:244-tc	1
:349-gcggcttccggctgaaagaaaatgtgca	1
:99*ag*ga	1
:407+c	1
:385+t	1
:396+a	1
:46*ta	1
:348-ggcggcttccggctgaaagaaaatgtgcagtttcacctatacatctccacaagcccttgcggcgacgctcggatctt	1
:348-ggcggcttcc	1
:247*tg*cg	1
:250-gcagaagaag	1
:265-tgcg	1
:131-cggcacagatgtgaaggacgccaaagtgatcagcgtgtccaccggcaccaag	1
:190+gccctc	1
:195+agaa	1
:133-gcacagatgtgaaggacgccaaagtgatcagcgtgtccaccggcaccaagtgcatcaac	1
:104-agtcctg	1
:124-tgacaaccggcacagatgtgaaggacgccaaagtgatcagcgtgtccaccggcaccaagtgcatcaacggcgagtacat	1
:180*ag*ag	1
:201*ag*tg	1
:384*ct:1*ag	1
:334*ac*gt	1
:342-gag	1
:465*cg:1*ca	1
:408-ggcg	1
:421-tctt	1
:108+ct	1
:104-agtcctgg	1
:200-catgagcgacagaggactggccctgaacgattgccacgccgagat	1
:258*ac*gt	1
:280*ca*ct	1
:488*ca	1
:469+g	1
:369-aatgtgcagtttcacctat	1
:97-gaagaaaagtcct	1
:416+ca	1
:273-ctat	1
:313-ac	1
:262+a	1
:147-gacgccaaagtgatc	1
:173+gt	1
:452-acctg	1
:459*gt	1
:338-gtctgagagagg	1
:355+gc	1
:76+c	1
:501*at	1
:84-agccctcacgccagaagaaaagtcctg	1
:379*tc*ta	1
:385-tataca	1
:354*tc*tg*ca	1
:500*ag	1
:509*at	1
:215-ac	1
:273-ctata	1
:312*gc:1*ca	1
:318*ac*ac	1
:373*tc*ga	1
:144*ac:1*ga	1
:328*ta*ca	1
:132-ggcacagatgtgaaggacgccaaagtgatcagcgtgtccaccggcaccaagtgcatcaacg	1
:526+t	1
:102-aaagt	1
:108+cct	1
:122-catgacaaccggcacagatgtgaaggacgccaaagtgatcagcgtgtccaccggcaccaagtgcatcaacggcgagtacatga	1
:312*ga*ag*cg	1
:358-ggctga	1
:341+acccca	1
:383+gggc	1
:514*ga	1
:297*ca*tc*ga	1
:375+t	1
:97-gaagaaaagtcctggccggcgtggtcatgacaaccggcacagatgtgaaggacgccaaagtgatcagcgtgtccaccggcacc	1
:417*ca:1*ga	1
:141*gt:1*ga	1
:165*gt*tc	1
:169+ccc	1
:183*tc:1*ct	1
:225*ac*ag	1
:24*gt	1
:211-gagg	1
:216+cc	1
:38*cg	1
:527*cg	1
:368-aaatgtgcagtttcacctat	1
:297*ca*tg	1
:400+ag	1
:415*ct*tc	1
:368-aaatgtgcagtttcacctatacat	1
:334+ct	1
:338-gtctgagagaggcggcttccggctgaaagaaaat	1
:375-cagtttcac	1
:231-tgccacgccgagatcatcagcagaagaa	1
:527*ct	1
:393-tccaca	1
:411-gacgct	1
:424-ttagccc	1
:124-tgacaaccggcacagatgtgaaggacgccaaagtgatcagcgtgtccac	1
:459*gc*ag*ca	1
:465*ca*ac*ca	1
:203-gag	1
:131+t	1
:389+t	1
:84-agccctcacgccagaa	1
:361+gg	1
:283*ac*gt	1
:369-aatgtgcagt	1
:110-ggccggcgtggtcatgacaaccggcaca	1
:55*at	1
:352-gcttccggctgaaagaaaatgtgcagtttcacctatacatctccacaagcccttgcggcgacgctcggatctttagcccccacgagcccatcctggaagaacct	1
:292*tc*ga	1
:196+a	1
:453-cctg	1
:92+g	1
:104-agtcctggccgg	1
:353-cttccggctgaaagaaaatgtgcagtttcacctatacatctccacaagcccttgcggcgacgctcggatctttagcccc	1
:348*ga:1*ct	1
:352-gcttccggctgaaagaaaatgtgcagtttcacctatac	1
:390*at:1*cg	1
:222+t	1
:223-tgaacga	1
:237*gc:1*ca	1
:199*ac*ca	1
:88*cg	1
:193*gc*ct	1
:39*at	1
:360-ctgaaagaaaatgtgcagtttcacctatacatctccacaagcccttgcggcgacgctcggatctttagcccccacgagcccatc	1
:337-agtctgagagaggcggcttccggctgaaagaaaat	1
:378+cgttga	1
:440-catcctggaaga	1
:457+ac	1
:199-acatgagcgacagaggactggccctgaacgattgccacgccgagatcatcagcagaagaagcctgctgcggttcctatacacccagctggaactgtacctgaacaacaagg	1
:106-tcctggcc	1
:402-ccttgcggcgacg	1
:423+tcaa	1
:60*gc	1
:361-tgaa	1
:255-ag	1
:293-gtacc	1
:508*at	1
:43*tc*ct	1
:460-acagacacc	1
:359-gctgaaagaaaat	1
:403-cttgcggcgacgctcggatctttagcccccacgag	1
:339-tctgaga	1
:366-gaaaatgtgcagtttcacct	1
:87+tg	1
:233-ccacgccgagatcatcagcagaagaagcctgctgcggttcctatacacccagctggaactgtacctgaacaacaaggacgaccagaa	1
:95-cagaagaaaagtcctggccggcgtggtcatgacaaccggcacagatgtgaaggacgccaaagtgatcagcg	1
:520-gc	1
:90-cacgccagaagaaaa	1
:372*ga*tc	1
:397+t	1
:27-g	1
:82*gc*ca	1
:147*gc*ag	1
:196*at*ga	1
:208*ag*ca	1
:420+c	1
:462*ag*ga*ag	1
:524*ac	1
:470*cg	1
:123-atgacaaccggcacagatgtgaaggacgccaaagtgatcagcgtgtccaccggcaccaagtgcat	1
:196+c	1
:298*tg*gt	1
:369-aatgt	1
:204-agcgacagaggac	1
:219+gggt	1
:321-cggt	1
:124+c	1
:114-ggcgtggtcatgacaaccggcacagatgtgaaggacgccaaagtgatcagcgtgtccaccggcaccaagt	1
:50*ac	1
:91+a	1
:389-catctcc	1
:345-agaggcggcttccggctgaaagaaaatgtgcagtttcac	1
:114+t	1
:371-tgtgcagtttcacctatacatctc	1
:82+t	1
:309*ga*ac*cg	1
:289-aac	1
:309-gacga	1
:70-ccgacaacttcagcagccctcacgccagaagaaaagtcctggccggcgtggtcatgacaaccggcacagatgtgaaggacgccaaagtgatcagcgtgtccaccgg	1
:411*gc*ag*ca	1
:414*gc*cg*tc	1
:417+gcca	1
:361*tg*gc	1
:465*ca:1*cg	1
:131-cggcacagatgtgaaggacgccaaagtgatcagcgtgtccaccggcaccaagtgcat	1
:369-aatgtgcagtttcacctatacatctc	1
:214-gactggccctgaacgattgccacgccgagatcatcagcagaagaagcctgctgcggttcctatacacccagctggaactgtacctgaacaaca	1
:377-gtttcacctatacatctccacaagcccttgcggcgac	1
:193-gcgagtacatga	1
:263*gc	1
:167-gtccaccggcaccaa	1
:135+t	1
:121-tcatgacaaccggcacagatgtgaaggacgccaaagtgatcagcgtgtccacc	1
:353+c	1
:91-acgccagaagaaaagtcctggccggcgtggtcatgacaaccggcacagatgtgaagg	1
:351-ggcttccggctgaaagaaaa	1
:424*ta*tg	1
:372*gt:1*gt	1
:465+c	1
:18-g	1
:228-gattgccacgccgagatcatcagcagaagaagcctgctgcggttcctatacacccagctggaactgtacctgaacaacaaggacgacca	1
:76+g	1
:168+c	1
:201-atgagcgacagaggactggccctg	1
:184-gcatcaac	1
:106-tcctggccggcgtggtcatgacaaccggcacagatgtgaagga	1
:151-ccaaa	1
:392-ctccacaag	1
:166+c	1
:343+c	1
:272-cctatacacccagctggaactgtacctgaacaacaaggacgaccagaagcggtccatcttccagaagtctgagagaggcggcttccggctgaaagaaaatgtgcagtttca	1
:93-gccagaagaaaagtcctggccggcgtggtcatgacaaccggcacagatgtgaaggacgccaaagtgatcagcgtgtccaccggcaccaagtgcatcaacggcgagtacat	1
:396-acaa	1
:402+t	1
:133+t	1
:402*ca:1*tg	1
:451+c	1
:74-caacttcagcagcc	1
:95+ctccg	1
:497*ac	1
:105*ga:1*ca	1
:139*ac*ta	1
:339-tctga	1
:175+aca	1
:115-gcgtggtcatgacaaccggcacagatgtgaaggacgccaaagtgatcagcgtgtccaccggcaccaagtgcatcaacggcgagtacatga	1
:226+g	1
:221-cctgaacgattgccacgccgagatcatcagcagaagaagcctgctgcggttcctatacacccagctggaactgtacctgaacaacaaggacgaccagaagcggtccatcttccaga	1
:69*ac	1
:179+aa	1
:184*ga*ca	1
:222+gtg	1
:369*ac*ac*tg	1
:249-agcagaag	1
:101-aaaagtcc	1
:154-aagtgatcagcgtgtccaccggcaccaagtgcatcaacg	1
:333*ca:1*ga	1
:106-tcct	1
:141*gt:1*gt	1
:78*tc*tg	1
:83-cagccctca	1
:107-cctg	1
:70-ccgacaacttcagcagccctcacgccagaagaaaagtcctggccggcgtgg	1
:334-agaagtctgagagaggcggcttccggctgaaaga	1
:377+t	1
:184-gcatcaacggcga	1
:381+g	1
:368-aaatgtg	1
:347-aggcggcttccggctgaaagaaaatgtgcagtttcacctat	1
:522*at	1
:61*ga	1
:318*ac:1*ga	1
:441*ag:1*ca	1
:489-ca	1
:334-agaa	1
:149+t	1
:173+g	1
:449-agaac	1
:405-tgcggcg	1
:440+t	1
:442-tcctg	1
:150+g	1
:393*tc:1*ct	1
:140-tgtgaaggacgccaaagtgatcagcgt	1
:94-ccagaagaaaagtcctggccggcgtggtcatgacaaccggcacagatgtgaagga	1
:156*gt*tc*gc	1
:88-ctcacgccagaagaaaagtcct	1
:119-ggtcatgacaaccggcacagatgtgaaggacgccaaagtgatcagcgtgtccacc	1
:401-cccttgc	1
:131-cggcacagatgtgaaggacgccaaagtgatcagcgtgtccaccggcaccaagtgcatcaacggcgagtacat	1
:78+t	1
:190+acggcgacctgaccgacagcttcagcagccctcccgctagaagaaag	1
:199+c	1
:352-gcttccggctgaaagaaaatgtgcagtttcacctatacatctccacaagccctt	1
:340-ctgagagaggcggcttccggctga	1
:116-cgtggtcatgacaaccggcacagatgtgaaggacgccaaagtgatcagcgtgtcca	1
:163+g	1
:71+gaatta	1
:73-acaacttcagcagc	1
:101-aaa	1
:144-aaggacgccaaagtgatcagcgtgtcc	1
:350-cggcttccggctgaaagaaaatgtgcagtttcacctataca	1
:393+gatttaaa	1
:306-aag	1
:79-tcagcag	1
:85-gccc	1
:138-gatgtgaaggacgccaaagtgatcagcgtgtccaccggcaccaagtgcatcaacggcgagtacatgagc	1
:125-gacaaccggcacagatgtgaa	1
:373*tg*ga	1
:378*ta*tg	1
:71-cgacaacttcagcagccctcacgccagaagaaaagtcctggccggcgtggtcatgacaaccgg	1
:57+t	1
:431-ccacgagcccatcctggaag	1
:96*ag*ga	1
:111*gc:1*cg	1
:81+aag	1
:86-ccctcacgccagaagaaaagtcc	1
:352+agac	1
:439*ct	1
:67*tc*gt	1
:340+aa	1
:346-gaggcggcttccggctgaaagaaaatgtgc	1
:141*gt*tg*gt	1
:144*ag:1*ga	1
:148*ag*ca	1
:207+a	1
:370-atgtgcagt	1
:153-aaagtgat	1
:192+a	1
:69-accgac	1
:88*ct*tc	1
:109-tggccg	1
:129-accggc	1
:123-atgacaaccggcaca	1
:186+a	1
:361-tgaaagaaaa	1
:436*ag*gt	1
:351*ga:1*ca	1
:373*tg*gt	1
:473*ca	1
:474*ac*ga	1
:511+g	1
:183*tg*gt	1
:194*ca	1
:373+cc	1
:121-tcatgacaaccggcacagatgtgaaggacgccaaagtgatcagcgtgtccaccggcacca	1
:262-t	1
:247*tg*ca	1
:369*ag*at*tc	1
:380-tcacctatac	1
:347+cgtt	1
:357-cggctgaaagaaaatgtgca	1
:288-gaa	1
:302-caac	1
:425-tagccccc	1
:454-ctgccgacaga	1
:409*gc*ct	1
:422-ctttagcc	1
:480-gc	1
:458+g	1
:522+a	1
:236-c	1
:354-ttccg	1
:82-gcagccctcacgccagaagaaaagtcctggccggcgtggtcatgacaaccggcacagatgtgaaggacgccaaagtgatcagcgtgtccaccgg	1
:375*cg*ag	1
:384*ct*ta	1
:112-ccggc	1
:122-catgacaacc	1
:136+c	1
:166-tgtccac	1
:255*ac:1*ac	1
:105*gc*tg	1
:135*ag*ca	1
:186*ac*tg	1
:198+tc	1
:201-atga	1
:104-agtcctggccggcgtggtcatgacaaccggcacagatgtgaaggacgccaaagtgatcagcgtgtccaccggcaccaagtgcatcaacggcgagtacat	1
:340-ctgagag	1
:131*ca	1
:199*ag*ct	1
:261*ca*tg	1
:155-agtgatcagcgtgtccaccggcaccaagtgcatcaacg	1
:94-ccagaa	1
:180*ag*at*ga	1
:331-tccagaagtctgagagaggcggcttccggctgaaagaaaatgtgcagtttcacctatacatctccacaagcccttgcggcgacgctcggatctttagccccc	1
:182+t	1
:236+c	1
:184+cctg	1
:186-atcaa	1
:195-gagtaca	1
:153+aca	1
:276+c	1
:278-c	1
:279*at	1
:329-cttc	1
:337+aag	1
:390*ac:1*ct	1
:208+c	1
:41*at	1
:355+c	1
:37*gc	1
:150-gccaaagtgatcagcgtgtccaccggcaccaagtgcatcaacggcgagtacatga	1
:34*tg	1
:364-aagaaaat	1
:19*tc	1
:90-cacgc	1
:98-aagaa	1
:435-gag	1
:122-catgacaaccggcacagatgtgaaggacgccaaagtgatcagcgtgtccaccggcaccaagtgcatcaacgg	1
:355-tccgg	1
:358-ggctgaaagaaaatgtgca	1
:361-tgaaagaaaatgtg	1
:376*ag*gt	1
:156*gc*ta*gt	1
:381*ca:1*ca	1
:307+t	1
:113-cggcgtggtcatgacaaccggcacaga	1
:216-ctggccctgaacgatt	1
:39*ac	1
:258-agcctgctgcggttcctatacacccagctggaactgtacctgaacaacaaggac	1
:176-caccaagtgcatcaacggcgagtacat	1
:295-acc	1
:137+a	1
:353-cttccggctgaaagaaaatgtgcagtttcacctatacatctccacaagcccttgcggc	1
:405*tg:1*ca	1
:359+t	1
:365-agaaaatgtgc	1
:135+a	1
:198*ta:1*ca	1
:388+g	1
:132-ggcacagatgtgaaggacgccaaagtgatcagcgtgtccaccggcaccaa	1
:253+t	1
:112+gc	1
:250*gt*ca	1
:345+tta	1
:114-ggcgtggtcatgacaaccggcacagatgtgaaggacgccaaa	1
:123*at:1*ga	1
:150*gc:1*cg	1
:430+g	1
:187*tc*ca	1
:354-ttccgg	1
:384*cg:1*at	1
:393+a	1
:413-cgc	1
:75-aacttcagcagccctcacgccagaagaaaagtcctggccggcgtggtcatgacaaccggcacagatgtgaaggacgccaaagt	1
:334+agtatt	1
:341+gt	1
:398-aagcccttgcggcga	1
:423+ca	1
:504*ag*ta	1
:337-agtctgagagaggcggcttccggctgaaagaaaatgtgcagtttcacc	1
:391+aatt	1
:247-tcagcagaagaagcctgctgc	1
:360-ctgaaagaaaatgtgc	1
:93*gc*cg	1
:336*ag:1*gt	1
:351-ggcttccggctgaaaga	1
:375*ca*ac*ga	1
:387*ta*ag*cg	1
:366*gc*ag	1
:141-gtgaaggacgccaaagtgatcagcgtgtccaccggcacc	1
:154-aagtgatc	1
:178-ccaagtg	1
:251+c	1
:304+c	1
:90-cacgccagaagaaaagtcctggccggcgtggtcatgacaaccggcacagatgtgaaggacgccaaagtgatcagcgtgtccaccggcaccaagtgcatcaacggc	1
:324-tc	1
:331*tc*ct	1
:337*ac*gt	1
:343+ga	1
:468*cg*cg	1
:340-ctgagagaggcggcttccggctgaaagaaaatgtgcagtttcacctatacatc	1
:394+gcagggcaatgttcaaa	1
:165*gt*tg*gt	1
:163+cg	1
:588*cg*ta	1
:79+c	1
:92+tgag	1
:134+c	1
:294*tc*at	1
:73-acaacttcagcagccctcacgccagaagaaaagtcctggccggcgtggtcatgacaaccggcacagatgtgaaggacgccaaagtgatcagcgtgtccaccggcaccaagtgc	1
:343-agagaggcggcttccggctgaaagaaaat	1
:98-aagaaaagtcctggccggcgtggtcatgacaaccggcacagatgtgaaggacgccaaagtgatcagcgtgtccaccggcaccaagtgcatcaacggcgagtac	1
:366-gaaaatgtgcagtt	1
:365-agaaaatgtgcagtttcacctatacatctccacaagcccttgcggcgacgctcggatctttag	1
:219*gc*cg	1
:54*ag	1
:439+cgag	1
:360-ctgaaagaaaatgtgcagtttcacctatacatctccacaagcccttgcggcgac	1
:213+g	1
:176*cg	1
:183*tg:1*cg	1
:422-ctttag	1
:192+ttcagcagccctca	1
:365-agaaaatgtgcag	1
:357-cggctgaaag	1
:108+t	1
:109-tggccggcgt	1
:342*ga*ag*gt	1
:374-gcagtttcac	1
:387+tc	1
:175*ga*ct	1
:130-ccgg	1
:345*ag*gt*ac	1
:330*tc*ta*ca	1
:408*ga*gc*cg	1
:427*gt*ca	1
:462*ag*gc*ac	1
:96+ag	1
:419+a	1
:438*cg*ct	1
:484+g	1
:169-ccaccgg	1
:179+g	1
:98-aagaaaagtcctggccggcgtggtcatgacaaccggcacagatgtgaaggacgccaaagtgatcagcgtgtccaccggcacc	1
:298*tc*ga	1
:120+gt	1
:464+t	1
:465-cacc	1
:335+cc	1
:338-gtctgagagaggc	1
:91-acgccagaagaaaagtcctggccggcgtggtcatgacaaccggca	1
:71-cgacaacttcagcagccctcacgccagaa	1
:239-cgagatcatca	1
:253+c	1
:272-cctata	1
:101-aaaagtcctggccggcgtggtcatgacaaccggcacagatgtgaaggacgccaaagtgatcagcgtgtccaccggcacc	1
:185-catcaac	1
:426-agcccccacga	1
:440+gg	1
:342*ga*ac	1
:361*ta*ga	1
:472*at	1
:379-ttc	1
:337-agtctgagagaggcggcttccgg	1
:373+c	1
:374-gcagtttc	1
:326-catcttccagaagtctgagagaggcggcttccggctgaaagaaaatgtgcagtttcacctatacatctccacaagcccttgcgg	1
:420+a	1
:178*cg*cg	1
:429+g	1
:414*gc*ct	1
:372-gtgcagtttcacctataca	1
:202*ta*gt	1
:244+t	1
:415+t	1
:424-ttagccccc	1
:452-acc	1
:140-tgtgaaggacgccaaagtgatcagcgtgt	1
:190*ag*ct	1
:345+gc	1
:115-gcgtggt	1
:140+g	1
:337*at*gt	1
:84-agccctcacgccagaagaaaagtcctggccggcgtggtcatgacaaccggcacagatgtgaaggacgccaaa	1
:271*tc*ca	1
:286*tc*ga	1
:431-ccacg	1
:336+a	1
:84-agccctcacgccagaagaaaagtcctggccggcgtggtcatgacaaccggcacagatgtgaaggacgccaaagtgatcagcgtgtccaccg	1
:403*cg*tc	1
:413+gc	1
:416-tcggat	1
:427+t	1
:462*ag*gc	1
:396*ac*ca	1
:715*ac	1
:810*ag	1
:813*ga	1
:816*ga	1
:874*ga	1
:888*ac	1
:899*ca	1
:348-ggcggcttccggctgaaagaaaatgtgcagtttcacctatacat	1
:394+tgtaaaaaatgaa	1
:453*cg	1
:92-cgccagaagaaaagtcctggccggcgtggtcatgacaaccggcacagatgtgaaggacgccaaagtgatcagcgtgtccaccggcaccaagtgcatcaacggcgagtacat	1
:101-aaaagtcctggccggcgtggtcatgacaaccggcacagatgtgaaggacgcc	1
:490*ac	1
:355*tg*ct	1
:113-cggcgtggtcatgacaaccggcacagatgtgaaggacgccaaagtg	1
:372-gtgcagtttcacctatacatctc	1
:129*ac*cg	1
:113-cggcgtggtcatgacaaccggcacagatgtgaaggacgccaaagtgatcagcgtgtccaccggcaccaagtgcatcaacggcgagtacatga	1
:94-ccagaagaaaagtcctggccggcgtggtcatgacaaccggcacagatgtgaaggacgccaaagtgatcagcgtgtccaccggcaccaagtgcatca	1
:240*gc*ac*ga	1
:113+cat	1
:269-gttcctatacacccagctggaactgtacctgaacaacaa	1
:296-cct	1
:403*cg*ta	1
:189*ag*at*ca	1
:249*ag:1*cg	1
:342+gg	1
:366-gaaaatgtgcagt	1
:382+t	1
:168*tg:1*ca	1
:183*tg:1*ct	1
:264-ctgcggtt	1
:281-ccagctg	1
:290-act	1
:378*tg:1*tc	1
:135-acagatgtgaaggacgccaaagtgatcagcgtgtccaccggcaccaagtgcatcaacggcg	1
:431-ccacgag	1
:454-ctgccga	1
:372+aaca	1
:339+c	1
:120-gtcatgacaaccggcacagatgtgaaggacgccaaagtgatc	1
:145+t	1
:454-ctgccg	1
:83-cagccctcacgccagaagaaaagtcctggccggcgtggtcatgacaaccggcacagatgtgaaggacgccaaagtgatcagcgtgtccaccggcac	1
:110+gg	1
:192+t	1
:88*cg*ta	1
:163+t	1
:524+a	1
:12*ca	1
:269-gttcct	1
:314-cc	1
:360*ca*tg	1
:404-tt	1
:168*tc*ct	1
:334*ag*gt	1
:343-agagaggcggcttccggctgaaa	1
:343+a	1
:129+t	1
:146+g	1
:112-ccggcgtggtcatgacaaccggcacagatgtgaaggacgccaaagtgatcagcgtgtccaccggcaccaagtgcatcaacggcgagta	1
:278-cacccagctggaactgtacctgaacaacaaggacgaccagaagcggtccatcttccagaagtctgagagaggcggcttccggctgaaagaaaatgtgcagttt	1
:19*ta	1
:373*ta*gt	1
:375*ca*ac	1
:79-tcagcagccc	1
:213*ga*gc	1
:9*ca	1
:174+t	1
:379*tg*ta	1
:359-gctgaaa	1
:297*ct*tc	1
:420-atctt	1
:113+g	1
:508-a	1
:112+c	1
:203-gagcgacagaggactggccctg	1
:230+cgag	1
:235-acgccg	1
:108-ctggccg	1
:148*ac*ca	1
:291-ctgtac	1
:46*tc	1
:86-ccctcacgccagaagaaaagtcctggccggcgtggtcatgacaaccggcacagatgtgaaggacgccaaagtgatcagcgtgtccaccggcaccaagtgc	1
:119+g	1
:349-gcggcttccggctgaaagaaaat	1
:375*ct:1*ga	1
:97+agat	1
:355*tg*ca	1
:421*ta*ca	1
:486*gt	1
:225*ag*at*ct	1
:365-agaaaatgtgcagtttcacctat	1
:102+t	1
:361-tgaaa	1
:407+gc	1
:363-aaagaaa	1
:475*gc	1
:336*at*at*ga	1
:482*ct	1
:462+ggttcct	1
:463*gt	1
:115-gcgtggtcatgacaaccggcacagatgtgaaggacgccaaagtgatcagcgtgtccaccggcaccaagtgcatcaacggcgagt	1
:330*tg:1*ca	1
:481+c	1
:265-t	1
:108+act	1
:22*ta	1
:17*at	1
:108-ctggccggcgtggtcatgacaaccggcacagatgtgaaggacgccaaagtgatcagcgtgtccaccggcaccaagtgcatcaacggcgagtaca	1
:381-cacctatacatctccacaagcccttgcggcgacgctcggatctttagcccc	1
:450+c	1
:451-aacctgc	1
:362-gaaag	1
:349*gc*ct	1
:456*gc*ca*ca	1
:75-aacttcagcagccctcacg	1
:380-tcacctatacatctcc	1
:389+c	1
:392-ctccacaagcccttg	1
:49*tg	1
:276*ta*ac*ca	1
:185-catc	1
:428-ccccc	1
:67-tg	1
:243-atcatc	1
:290-ac	1
:313-acc	1
:333*ca*ac	1
:326-catcttccagaagtctgagagaggcggcttccg	1
:388-acatctccacaagcccttgcggcgacgctcggatctttagcccccacgagcccatcctgga	1
:97*gt	1
:286*tc*gt	1
:321*cg*gc	1
:306*ac:1*ga	1
:324*tg*ca*ca	1
:123*ac*ta*gt	1
:327-atcttccagaagtctgagagaggcggcttccggctgaaagaaa	1
:379+aaagaaataaccag	1
:317*gt	1
:355*tc*cg	1
:229-attgccacgc	1
:360+ac	1
:469-cca	1
:267*ca:1*ga	1
:294*tg*ag*cg	1
:348*gt:1*ca	1
:363*ac*ag	1
:370*ac*tg	1
:108-ctggccgg	1
:483+at	1
:487-gc	1
:282-cagctgga	1
:297+tt	1
:344+ctc	1
:345-agaggcggcttccggctgaaagaaaatgt	1
:157-tgatcagcgtgtccaccggcaccaa	1
:319*ag*ga	1
:144-aaggacgccaaagtgatcagcgtgtccaccggcaccaagtgcatc	1
:213*gt*gc	1
:134-cacagatgtgaaggacgccaaagtgatcagcgtgtccaccggcaccaagtgcatcaacggcgagtacatgagc	1
:352-gcttccggctgaaagaaa	1
:227-cgattgccacg	1
:119-ggtcatgacaaccggcacagatgtgaaggacgccaaagtgatcagcgtgtccaccggcaccaagtgcatcaac	1
:201*ac:1*gt	1
:185-catcaacggcgagta	1
:153+tgg	1
:418*ga*ga	1
:79-tcagcagccctcacgccagaagaaaagtcctggccggcgtggtcatgacaaccggcacagatgtgaaggacgccaaagtgatcagcgtgtccaccggcaccaagtgc	1
:365-agaaaat	1
:217+a	1
:249*ac*gt	1
:43*tg*ct	1
:41*ag	1
:212-aggactggcc	1
:231+c	1
:309+t	1
:241*ac*ga	1
:174-ggcaccaagt	1
:98-aagaaaagtcctggccggcgtggtcatgacaaccggcac	1
:470-caa	1
:130-ccggcacagatgtgaaggacgccaaagtgatcagcgtgtccacc	1
:219*gt:1*ca	1
:230-ttgcc	1
:76-acttcagcagccctcacgccagaagaaaagtcctggccggcgtggtcatgacaaccggcac	1
:356-ccggctg	1
:458+a	1
:71-cgacaactt	1
:83+t	1
:82-gc	1
:93+a	1
:351-ggcttccg	1
:264*ct*tc	1
:297*ct*tc*ga	1
:378*ta*tc	1
:450-gaacctg	1
:459*gc*ag	1
:101*at	1
:138+c	1
:407-cggcgacgctcggatctttagcccccac	1
:337-agtctgagagaggcggcttccg	1
:373+tt	1
:413-cgctcg	1
:76+ttc	1
:86-ccctcacgccaga	1
:370+c	1
:383+gg	1
:398+a	1
:366*ga:1*at	1
:370-atgtgcagtttcacctatacatct	1
:381-cacctatac	1
:445*tg*gt	1
:424*tc*tc	1
:103-aag	1
:79+gc	1
:81-agcagccctcacgccagaagaaaagtcct	1
:70-ccgacaacttcagcagccctcacgccagaagaaaagtcctggccggcgtggtcatgacaaccggcacagatgtgaaggacg	1
:136-cagatgtgaaggacgccaaagtgatcagcgtgtccac	1
:275-ataca	1
:151-cca	1
:238+c	1
